Div,Date,HomeTeam,AwayTeam,FTHG,FTAG,FTR,HTHG,HTAG,HTR,B365H,B365D,B365A,BWH,BWD,BWA,GBH,GBD,GBA,IWH,IWD,IWA,LBH,LBD,LBA,SBH,SBD,SBA,WHH,WHD,WHA,GB>2.5,GB<2.5,GBAHH,GBAHA,GBAH,LBAHH,LBAHA,LBAH,B365AHH,B365AHA,B365AH,,,,,,,,
SP2,28/08/2004,Eibar,Cadiz,2,1,H,2,0,H,,,,2.2,2.5,3.75,2.3,2.5,3.45,2.2,2.6,3,2.2,2.62,3.5,2.3,2.62,3.25,,,,2.2,1.51,2.3,1.45,-0.5,,,,,,,,,,,,,,
SP2,28/08/2004,Lleida,Ferrol,1,2,A,0,1,A,,,,2.4,2.45,3.35,2.25,2.5,3.55,2.2,2.6,3,2.2,2.75,3.25,2.2,2.62,3.5,,,,2.2,1.51,2.25,1.47,-0.5,,,,,,,,,,,,,,
SP2,28/08/2004,Pontevedra,Poli Ejido,0,1,A,0,0,D,,,,2.25,2.45,3.7,2.25,2.5,3.55,2.2,2.6,3,2.25,2.62,3.4,2.3,2.62,3.25,,,,2.2,1.51,2.25,1.47,-0.5,,,,,,,,,,,,,,
SP2,28/08/2004,Tenerife,Elche,1,0,H,0,0,D,,,,1.9,2.6,4.7,1.9,2.65,4.5,1.9,2.7,3.7,1.8,2.88,4.5,2,2.75,3.8,,,,2,1.61,1.9,1.67,-0.5,,,,,,,,,,,,,,
SP2,29/08/2004,Alaves,Valladolid,2,4,A,0,2,A,,,,2.3,2.45,3.6,2.3,2.5,3.45,2.3,2.5,3,2.25,2.75,3.2,2.2,2.62,3.5,,,,2.1,1.56,2.3,1.45,-0.5,,,,,,,,,,,,,,
SP2,29/08/2004,Almeria,Celta,0,1,A,0,0,D,,,,3.6,2.45,2.3,3.3,2.5,2.35,2.9,2.5,2.4,3.25,2.75,2.2,3.25,2.62,2.3,,,,2.1,1.56,1.42,2.35,0.5,,,,,,,,,,,,,,
SP2,29/08/2004,Ciudad de Murcia,Cordoba,1,0,H,1,0,H,,,,2.25,2.45,3.7,2.3,2.5,3.45,2.3,2.6,2.9,2.25,2.6,3.4,2.25,2.6,3.4,,,,2,1.61,2.3,1.45,-0.5,,,,,,,,,,,,,,
SP2,29/08/2004,Gimnastic,Murcia,2,0,H,0,0,D,,,,3.35,2.45,2.4,3.05,2.5,2.5,2.9,2.5,2.4,3.2,2.75,2.25,2.88,2.75,2.4,,,,2.1,1.56,1.37,2.5,0.5,,,,,,,,,,,,,,
SP2,29/08/2004,Sp Gijon,Recreativo,0,1,A,0,0,D,,,,1.9,2.6,4.7,2,2.65,4,2.1,2.7,3.3,1.83,2.8,4.5,2.1,2.7,3.6,,,,2.2,1.51,2,1.59,-0.5,,,,,,,,,,,,,,
SP2,29/08/2004,Terrassa,Salamanca,3,0,H,1,0,H,,,,2.35,2.45,3.45,2.3,2.5,3.45,2.4,2.5,2.9,2.25,2.62,3.4,2.3,2.62,3.25,,,,2.2,1.51,2.3,1.45,-0.5,,,,,,,,,,,,,,
SP2,29/08/2004,Xerez,Malaga B,1,0,H,0,0,D,,,,2,2.6,4.2,1.9,2.65,4.5,1.85,2.7,3.9,1.91,2.62,4.5,1.91,2.62,4.5,,,,2,1.61,1.9,1.67,-0.5,,,,,,,,,,,,,,
SP2,04/09/2004,Celta,Gimnastic,1,0,H,0,0,D,1.57,3.25,5.5,1.55,3.3,5.75,1.55,3.2,6,1.6,3,5,1.5,3.2,7,1.53,3.25,6,,,,2.1,1.56,1.77,1.95,-0.75,,,,,,,,,,,,,,
SP2,04/09/2004,Elche,Ciudad de Murcia,3,1,H,1,1,D,2.1,2.62,3.75,2.1,2.5,4.05,2.1,2.75,3.5,2,2.7,3.5,,,,2.2,2.75,3.25,,,,2,1.61,1.9,1.8,-0.25,,,,,,,,,,,,,,
SP2,04/09/2004,Valladolid,Tenerife,2,1,H,1,0,H,1.72,2.87,5,1.8,2.7,5.1,1.85,2.7,4.65,1.9,2.7,3.9,1.615,3,6,1.8,2.88,4.5,,,,1.95,1.66,1.85,1.71,-0.5,,,,,,,,,,,,,,
SP2,05/09/2004,Cadiz,Lleida,0,2,A,0,2,A,1.8,2.87,4.5,1.9,2.65,4.55,1.8,2.75,4.85,1.8,2.8,4.2,1.667,2.875,5.5,1.83,2.88,4.33,,,,1.95,1.66,1.8,1.75,-0.5,,,,,,,,,,,,,,
SP2,05/09/2004,Cordoba,Pontevedra,0,0,D,0,0,D,1.9,2.8,4,2,2.6,4.2,1.95,2.7,4.1,1.9,2.7,3.9,1.667,2.875,5.5,1.91,2.75,4.2,,,,2,1.61,1.95,1.63,-0.5,,,,,,,,,,,,,,
SP2,05/09/2004,Ferrol,Almeria,0,1,A,0,0,D,2.1,2.62,3.75,2.05,2.55,4.1,2.2,2.6,3.5,2.2,2.6,3.2,2.2,2.75,3.25,2.2,2.75,3.25,,,,2.1,1.56,1.92,1.79,-0.25,,,,,,,,,,,,,,
SP2,05/09/2004,Malaga B,Eibar,0,0,D,0,0,D,2.4,2.6,3.1,,,,2.4,2.6,3.1,2.4,2.5,3,2.5,2.875,2.625,2.38,2.7,3,,,,2,1.61,2.05,1.7,-0.25,,,,,,,,,,,,,,
SP2,05/09/2004,Murcia,Sp Gijon,1,3,A,0,1,A,2.25,2.62,3.4,2.1,2.5,4.05,2.2,2.6,3.5,2.1,2.7,3.2,1.909,2.875,4,2.1,2.75,3.5,,,,2.1,1.56,1.8,1.9,-0.25,,,,,,,,,,,,,,
SP2,05/09/2004,Poli Ejido,Terrassa,0,0,D,0,0,D,2.3,2.75,3.1,2.25,2.45,3.7,2.3,2.5,3.45,2.2,2.7,3,2.25,2.625,3.4,2.25,2.7,3.2,,,,2.1,1.56,1.95,1.77,-0.25,,,,,,,,,,,,,,
SP2,05/09/2004,Recreativo,Alaves,0,0,D,0,0,D,2.2,2.62,3.5,2.1,2.5,4.05,2.2,2.6,3.5,2.2,2.7,3,2.2,2.625,3.5,2.38,2.6,3.1,,,,2.1,1.56,1.92,1.79,-0.25,,,,,,,,,,,,,,
SP2,05/09/2004,Salamanca,Xerez,1,1,D,0,0,D,2.25,2.6,3.4,2.25,2.45,3.7,2.2,2.6,3.5,2.3,2.6,3,2.25,2.875,3,2.25,2.7,3.2,,,,2.1,1.56,2.05,1.7,-0.25,,,,,,,,,,,,,,
SP2,11/09/2004,Alaves,Tenerife,1,0,H,1,0,H,,,,1.9,2.65,4.55,1.95,2.75,4.05,2,2.6,3.7,1.833,2.625,5,1.9,2.8,4.2,1.95,2.7,4.1,2,1.61,1.95,1.64,-0.5,,,,,,,,,,,,,,
SP2,11/09/2004,Almeria,Cadiz,0,1,A,0,1,A,,,,2.1,2.5,4.05,2.25,2.65,3.3,2.2,2.6,3.2,2.1,2.625,3.75,2.25,2.7,3.25,2.3,2.7,3.1,2.1,1.56,2.25,1.47,-0.5,,,,,,,,,,,,,,
SP2,11/09/2004,Terrassa,Cordoba,2,0,H,1,0,H,,,,2.25,2.45,3.7,2.3,2.65,3.2,2.2,2.5,3.3,2,2.625,4,2.2,2.75,3.25,2.35,2.6,3.15,2.1,1.56,2.3,1.45,-0.5,,,,,,,,,,,,,,
SP2,12/09/2004,Ciudad de Murcia,Valladolid,2,2,D,0,1,A,,,,3.45,2.45,2.35,3.05,2.7,2.35,3.1,2.5,2.3,3.4,2.625,2.25,3.1,2.7,2.3,3,2.65,2.4,1.95,1.66,1.43,2.35,0.5,,,,,,,,,,,,,,
SP2,12/09/2004,Eibar,Salamanca,2,1,H,2,1,H,,,,2.1,2.5,4.05,2.15,2.6,3.65,2.1,2.5,3.6,2.1,2.75,3.5,2.2,2.75,3.25,2.25,2.75,3.15,2,1.61,2.15,1.52,-0.5,,,,,,,,,,,,,,
SP2,12/09/2004,Gimnastic,Ferrol,1,1,D,0,0,D,,,,2.25,2.45,3.7,2.15,2.8,3.3,2.1,2.6,3.4,2.25,2.625,3.4,2.2,2.7,3.3,2.2,2.7,3.3,,,2.15,1.51,-0.5,,,,,,,,,,,,,,
SP2,12/09/2004,Lleida,Malaga B,2,1,H,1,1,D,,,,2.2,2.5,3.75,2.2,2.7,3.35,2.1,2.6,3.4,2.1,2.75,3.5,2.25,2.7,3.25,2.25,2.75,3.15,2.1,1.56,2.2,1.5,-0.5,,,,,,,,,,,,,,
SP2,12/09/2004,Pontevedra,Elche,2,2,D,1,0,H,,,,2.25,2.45,3.7,2.35,2.75,3,2.4,2.5,3,2.25,2.625,3.4,2.3,2.7,3.1,2.4,2.7,2.95,2.2,1.51,2.35,1.43,-0.5,,,,,,,,,,,,,,
SP2,12/09/2004,Recreativo,Murcia,1,0,H,0,0,D,,,,2.2,2.5,3.75,2.15,2.65,3.55,2.1,2.6,3.4,1.909,2.875,4,2.1,2.75,3.5,2.2,2.6,3.5,2.1,1.56,2.15,1.52,-0.5,,,,,,,,,,,,,,
SP2,12/09/2004,Sp Gijon,Celta,1,0,H,0,0,D,,,,2.6,2.45,3.05,2.5,2.55,3,2.55,2.6,2.65,2.75,2.625,2.625,2.62,2.7,2.7,2.55,2.5,3,2.1,1.56,2.5,1.38,-0.5,,,,,,,,,,,,,,
SP2,12/09/2004,Xerez,Poli Ejido,1,0,H,1,0,H,,,,2,2.55,4.35,2,2.7,3.9,1.9,2.7,3.9,2.1,2.625,3.75,2.05,2.7,3.75,2,2.7,3.9,2.1,1.56,2,1.6,-0.5,,,,,,,,,,,,,,
SP2,18/09/2004,Elche,Terrassa,1,0,H,1,0,H,2.2,2.75,3.25,2.25,2.45,3.7,2.35,2.5,3.35,2.1,2.6,3.4,2.38,2.5,3.25,2.3,2.7,3.1,2.4,2.7,2.95,2,1.61,1.95,1.77,-0.25,,,,,,,,,,,,,,
SP2,18/09/2004,Ferrol,Sp Gijon,0,0,D,0,0,D,2.62,2.75,2.62,2.95,2.45,2.65,2.7,2.6,2.7,2.7,2.6,2.5,2.62,2.75,2.62,2.62,2.75,2.62,2.7,2.7,2.6,2.1,1.56,2.7,1.32,-0.5,,,,,,,,,,,,,,
SP2,18/09/2004,Malaga B,Almeria,1,2,A,0,0,D,2.25,2.75,3.2,2.2,2.5,3.75,2.35,2.6,3.2,2.3,2.6,2.9,2.38,2.8,2.88,2.3,2.7,3.1,2.4,2.7,2.95,2.2,1.51,1.95,1.77,-0.25,,,,,,,,,,,,,,
SP2,18/09/2004,Poli Ejido,Eibar,4,1,H,0,1,A,2.25,2.75,3.2,2.4,2.45,3.35,2.4,2.5,3.25,2.4,2.5,3,2.5,2.75,2.75,2.4,2.62,3.1,2.3,2.75,3.05,2.2,1.51,1.77,1.95,0,,,,,,,,,,,,,,
SP2,18/09/2004,Salamanca,Lleida,0,1,A,0,1,A,2,2.8,3.75,2.2,2.5,3.75,2.2,2.5,3.7,2,2.7,3.5,2,2.8,3.75,2.1,2.7,3.6,2.05,2.8,3.55,2,1.61,1.77,1.95,-0.25,,,,,,,,,,,,,,
SP2,19/09/2004,Cadiz,Gimnastic,2,1,H,0,0,D,1.8,2.87,4.5,1.9,2.6,4.7,1.9,2.6,4.7,1.85,2.7,4.1,2.1,2.75,3.5,2,2.7,4,2,2.75,3.8,2.1,1.56,1.9,1.67,-0.5,,,,,,,,,,,,,,
SP2,19/09/2004,Celta,Recreativo,1,1,D,1,1,D,1.83,2.8,4.5,1.8,2.7,5.1,1.8,2.7,5,1.8,2.7,4.4,1.8,3,4.33,1.8,2.88,4.5,1.85,3,3.95,2.2,1.51,1.8,1.75,-0.5,,,,,,,,,,,,,,
SP2,19/09/2004,Cordoba,Xerez,1,2,A,0,1,A,2.5,2.75,2.75,2.5,2.45,3.2,2.5,2.7,2.85,2.4,2.6,2.8,2.5,2.75,2.75,2.5,2.62,2.9,2.45,2.7,2.85,2.2,1.51,1.8,1.9,0,,,,,,,,,,,,,,
SP2,19/09/2004,Murcia,Alaves,1,5,A,1,3,A,2.37,2.75,2.9,2.5,2.45,3.2,2.65,2.5,2.9,2.3,2.6,3,2.62,2.75,2.62,2.5,2.62,2.9,2.5,2.7,2.8,2.1,1.56,1.77,1.95,0,,,,,,,,,,,,,,
SP2,19/09/2004,Tenerife,Ciudad de Murcia,1,0,H,1,0,H,1.83,2.8,4.5,1.9,2.6,4.7,1.9,2.6,4.7,1.8,2.7,4.4,1.91,2.62,4.5,1.85,2.75,4.5,1.9,2.75,4.2,2,1.61,1.9,1.67,-0.5,,,,,,,,,,,,,,
SP2,19/09/2004,Valladolid,Pontevedra,0,1,A,0,0,D,1.57,3.1,6,1.6,3.1,5.75,1.5,3.2,7,1.5,3.2,5.8,1.44,3.4,7.5,1.53,3.25,6,1.55,3.2,5.9,1.8,1.8,1.7,2.05,-0.75,,,,,,,,,,,,,,
SP2,25/09/2004,Alaves,Ciudad de Murcia,1,1,D,1,1,D,,,,1.6,3.1,5.7,1.65,3.1,5.1,1.6,3,5.2,1.62,3.25,5,1.7,3,5,1.6,2.9,6.5,1.9,1.7,1.95,1.77,-0.75,1.98,1.86,-0.75,,,,,,,,,,,
SP2,25/09/2004,Gimnastic,Malaga B,0,2,A,0,2,A,,,,2.2,2.5,3.7,2.1,2.7,3.6,2,2.6,3.7,1.91,3,3.75,2.1,2.7,3.6,2.2,2.6,3.45,2.1,1.56,1.8,1.9,-0.25,1.9,1.94,-0.25,,,,,,,,,,,
SP2,25/09/2004,Pontevedra,Tenerife,1,1,D,0,0,D,,,,2.4,2.45,3.35,2.4,2.6,3.1,2.4,2.5,3,2.5,2.75,2.75,2.4,2.62,3.1,2.55,2.6,2.85,2.1,1.56,1.7,2.05,0,1.82,2.02,0,,,,,,,,,,,
SP2,25/09/2004,Xerez,Elche,1,1,D,0,1,A,,,,2.05,2.55,4.1,2,2.7,4,2,2.6,3.7,1.8,2.88,4.5,2,2.7,4,2,2.6,4.1,2.1,1.56,2,1.61,-0.5,1.94,1.9,-0.5,,,,,,,,,,,
SP2,26/09/2004,Almeria,Salamanca,0,1,A,0,0,D,,,,2.1,2.5,4.05,2.1,2.7,3.6,2.1,2.6,3.4,1.91,3,3.75,2.1,2.62,3.75,2.1,2.7,3.55,2.1,1.56,1.85,1.85,-0.25,1.92,1.92,-0.25,,,,,,,,,,,
SP2,26/09/2004,Eibar,Cordoba,1,0,H,0,0,D,,,,1.8,2.7,5.1,1.85,2.8,4.4,1.85,2.7,4.1,1.67,2.88,5.5,1.91,2.75,4.2,1.95,2.7,4.1,2,1.61,1.85,1.71,-0.5,1.94,1.9,-0.5,,,,,,,,,,,
SP2,26/09/2004,Lleida,Poli Ejido,0,1,A,0,1,A,,,,2.2,2.5,3.7,2.15,2.7,3.45,2.2,2.6,3.2,2,2.8,3.75,2.2,2.7,3.3,2.2,2.6,3.45,2.1,1.56,1.85,1.85,-0.25,1.92,1.92,-0.25,,,,,,,,,,,
SP2,26/09/2004,Murcia,Celta,1,1,D,0,0,D,,,,3.35,2.45,2.4,3.05,2.7,2.35,2.7,2.6,2.5,3.2,3,2.1,3.1,2.7,2.3,,,,2.1,1.56,1.97,1.75,0,2.02,1.82,0,,,,,,,,,,,
SP2,26/09/2004,Recreativo,Ferrol,0,1,A,0,0,D,,,,1.7,2.8,5.65,1.7,2.9,5.25,1.65,2.9,5,1.62,3,6,1.75,2.8,5,1.8,2.7,5,2,1.61,1.97,1.75,-0.75,2.06,1.78,-0.75,,,,,,,,,,,
SP2,26/09/2004,Sp Gijon,Cadiz,0,0,D,0,0,D,,,,1.85,2.7,4.7,1.85,2.8,4.4,1.85,2.7,4.1,1.8,2.88,4.5,1.91,2.75,4.2,2.05,2.7,3.7,2,1.61,1.85,1.71,-0.5,1.9,1.94,-0.5,,,,,,,,,,,
SP2,26/09/2004,Terrassa,Valladolid,2,1,H,1,1,D,,,,2.7,2.4,2.95,2.6,2.6,2.85,2.6,2.6,2.6,2.62,2.88,2.5,2.5,2.7,2.8,2.55,2.6,2.85,2,1.61,1.8,1.9,0,1.84,2,0,,,,,,,,,,,
SP2,02/10/2004,Celta,Alaves,2,2,D,2,2,D,,,,1.9,2.6,4.7,2.05,2.75,3.65,2,2.6,3.7,2,2.8,3.75,2.1,2.75,3.5,2.1,2.7,3.55,,,1.79,1.92,-0.25,1.84,2,-0.25,,,,,,,,,,,
SP2,02/10/2004,Cordoba,Lleida,0,1,A,0,1,A,,,,2.4,2.45,3.35,2.55,2.65,2.8,2.3,2.6,3,2.75,2.75,2.5,2.6,2.6,2.8,2.5,2.6,2.9,,,1.85,1.85,0,1.76,2.08,0,,,,,,,,,,,
SP2,03/10/2004,Cadiz,Recreativo,0,0,D,0,0,D,,,,2.4,2.45,3.35,2.35,2.55,3.25,2.4,2.5,3,2.38,2.75,3,2.3,2.7,3.1,2.3,2.6,3.25,,,1.77,1.95,0,2.08,1.76,-0.25,,,,,,,,,,,
SP2,03/10/2004,Ciudad de Murcia,Pontevedra,2,3,A,1,1,D,,,,2.1,2.5,4.05,2.2,2.6,3.5,2.1,2.6,3.4,2.38,2.6,3.2,2.2,2.75,3.25,2.15,2.55,3.7,,,1.92,1.79,-0.25,1.94,1.9,-0.25,,,,,,,,,,,
SP2,03/10/2004,Elche,Eibar,1,0,H,1,0,H,,,,2.05,2.55,4.1,2.1,2.75,3.5,2.1,2.6,3.4,2,2.88,3.6,2.2,2.7,3.3,2.2,2.6,3.45,,,1.82,1.89,-0.25,1.96,1.88,-0.25,,,,,,,,,,,
SP2,03/10/2004,Ferrol,Murcia,3,1,H,0,1,A,,,,1.85,2.6,5.05,1.95,2.8,3.9,2.2,2.7,3.1,1.91,2.88,4,1.95,2.75,4,2.1,2.65,3.7,,,1.95,1.63,-0.5,1.88,1.96,-0.25,,,,,,,,,,,
SP2,03/10/2004,Poli Ejido,Almeria,2,0,H,1,0,H,,,,2.1,2.5,4.05,2.05,2.85,3.5,2.1,2.6,3.4,1.83,3,4,2.1,2.7,3.6,2.2,2.65,3.4,,,1.79,1.92,-0.25,1.88,1.96,-0.25,,,,,,,,,,,
SP2,03/10/2004,Salamanca,Gimnastic,0,1,A,0,1,A,,,,2,2.55,4.35,2,2.75,3.8,2,2.7,3.6,1.91,2.75,4.33,2,2.7,4,2.15,2.6,3.6,,,2,1.6,-0.5,1.86,1.98,-0.25,,,,,,,,,,,
SP2,03/10/2004,Tenerife,Terrassa,2,1,H,2,0,H,,,,2.25,2.5,3.6,2,2.7,3.9,2.1,2.6,3.4,1.91,2.62,4.5,2.1,2.7,3.6,2.05,2.6,3.9,,,2,1.6,-0.5,1.94,1.9,-0.25,,,,,,,,,,,
SP2,03/10/2004,Valladolid,Xerez,1,1,D,1,0,H,,,,1.9,2.6,4.7,2.1,2.65,3.7,2,2.6,3.7,2.2,2.62,3.5,2.2,2.7,3.3,2.15,2.6,3.6,2,1.67,1.82,1.89,-0.25,1.9,1.94,-0.25,,,,,,,,,,,
SP2,04/10/2004,Malaga B,Sp Gijon,1,0,H,0,0,D,,,,3.2,2.45,2.5,2.6,2.65,2.75,2.7,2.6,2.5,2.62,2.62,2.75,2.7,2.62,2.7,2.65,2.65,2.7,,,1.85,1.85,0,1.94,1.9,0,,,,,,,,,,,
SP2,09/10/2004,Celta,Ferrol,1,1,D,1,1,D,1.9,2.7,4.33,1.9,2.6,4.7,1.9,2.6,4.7,1.85,2.7,4.1,1.91,2.88,4,1.91,2.7,4.33,,,,2.1,1.56,1.9,1.67,-0.5,1.9,1.94,-0.5,,,,,,,,,,,
SP2,09/10/2004,Eibar,Valladolid,2,0,H,2,0,H,2.37,2.62,3.1,2.5,2.45,3.2,2.45,2.5,3.15,2.4,2.5,3,2.38,2.75,3,2.38,2.62,3.1,,,,2.1,1.56,2.45,1.39,-0.5,1.78,2.06,0,,,,,,,,,,,
SP2,09/10/2004,Lleida,Elche,1,2,A,0,0,D,2.2,2.62,3.5,2.25,2.5,3.6,2.25,2.5,3.6,2.3,2.6,3,2.25,2.75,3.2,2.2,2.62,3.4,,,,2.2,1.51,2.5,1.38,-0.5,1.94,1.9,-0.25,,,,,,,,,,,
SP2,09/10/2004,Recreativo,Malaga B,0,1,A,0,1,A,1.9,2.7,4.33,1.85,2.65,4.9,1.85,2.65,4.85,1.85,2.7,4.1,1.8,2.88,4.5,1.85,2.75,4.5,,,,2.45,1.41,1.8,1.76,-0.5,1.86,1.98,-0.5,,,,,,,,,,,
SP2,10/10/2004,Alaves,Pontevedra,3,2,H,1,0,H,1.83,2.8,4.5,1.8,2.7,5.1,1.85,2.65,4.85,1.85,2.7,4.1,1.73,2.88,5,1.85,2.75,4.5,1.85,2.75,4.5,2.3,1.46,1.85,1.71,-0.5,1.82,2.02,-0.5,,,,,,,,,,,
SP2,10/10/2004,Almeria,Cordoba,2,0,H,1,0,H,2,2.7,4,2.1,2.5,4.05,2.1,2.55,3.9,2.1,2.6,3.4,2,2.88,3.6,2,2.7,4,2,2.7,4,2.3,1.46,2.1,1.54,-0.5,2,1.84,-0.5,,,,,,,,,,,
SP2,10/10/2004,Gimnastic,Poli Ejido,1,4,A,0,2,A,2.62,2.6,2.75,2.5,2.45,3.2,2.5,2.5,3.1,2.5,2.7,2.7,2.75,2.75,2.5,2.6,2.6,2.8,2.5,2.6,2.9,2.3,1.46,2.25,1.48,-0.5,1.78,2.06,0,,,,,,,,,,,
SP2,10/10/2004,Murcia,Cadiz,0,2,A,0,0,D,2.5,2.62,2.87,2.5,2.45,3.2,2.5,2.5,3.1,2.5,2.7,2.7,2.38,2.75,3,2.5,2.7,2.8,2.4,2.65,3,2.1,1.56,1.85,1.71,-0.5,1.88,1.96,0,,,,,,,,,,,
SP2,10/10/2004,Sp Gijon,Salamanca,1,2,A,1,1,D,1.83,2.8,4.5,1.7,2.8,5.6,1.8,2.75,4.9,1.85,2.7,4.1,1.91,2.75,4.33,1.83,2.75,4.6,1.9,2.75,4.2,2.2,1.51,2.5,1.38,-0.5,1.78,2.06,-0.5,,,,,,,,,,,
SP2,10/10/2004,Terrassa,Ciudad de Murcia,0,1,A,0,0,D,1.8,2.87,4.5,1.75,2.75,5.3,1.85,2.65,4.85,1.8,2.7,4.4,1.73,2.88,5,1.8,2.88,4.5,1.85,2.8,4.35,2.1,1.56,1.85,1.71,-0.5,1.76,2.08,-0.5,,,,,,,,,,,
SP2,10/10/2004,Xerez,Tenerife,1,1,D,0,0,D,2,2.7,4,1.95,2.55,4.6,1.95,2.6,4.4,2,2.6,3.7,2.1,2.6,3.75,2,2.7,4,1.95,2.7,4.1,2.2,1.51,1.95,1.63,-0.5,1.82,2.02,-0.25,,,,,,,,,,,
SP2,16/10/2004,Malaga B,Murcia,0,2,A,0,2,A,2,2.75,3.8,2.05,2.55,4.1,2,2.7,3.95,2.1,2.7,3.3,1.8,3,4.33,1.85,2.75,4.5,2.05,2.75,3.65,2.1,1.56,2,1.6,-0.5,1.76,2.08,-0.25,,,,,,,,,,,
SP2,16/10/2004,Poli Ejido,Sp Gijon,1,1,D,0,1,A,2,2.75,3.8,2,2.6,4.2,2,2.7,3.95,2,2.6,3.7,1.8,3,4.33,1.91,2.7,4.33,2,2.7,3.9,2.1,1.56,2,1.6,-0.5,1.88,1.96,-0.25,,,,,,,,,,,
SP2,16/10/2004,Pontevedra,Terrassa,3,3,D,1,2,A,2.25,2.75,3.25,2.3,2.5,3.45,2.3,2.6,3.25,2.3,2.6,3,2.2,3,3,2.3,2.7,3.1,2.3,2.6,3.25,2.1,1.56,2.3,1.44,-0.5,2.08,1.76,-0.25,,,,,,,,,,,
SP2,16/10/2004,Tenerife,Eibar,1,1,D,0,1,A,2,2.6,4,2.1,2.55,3.95,2.1,2.7,3.6,2,2.6,3.7,2.1,2.75,3.5,2.05,2.7,3.8,2.2,2.7,3.3,2.2,1.51,2.1,1.54,-0.5,1.78,2.06,-0.25,,,,,,,,,,,
SP2,17/10/2004,Cadiz,Celta,2,0,H,1,0,H,2.5,2.62,2.87,2.65,2.45,2.95,2.5,2.6,2.95,2.6,2.6,2.7,2.38,2.8,2.88,2.5,2.62,2.88,2.5,2.7,2.8,2.2,1.51,2.5,1.38,-0.5,1.88,1.96,0,,,,,,,,,,,
SP2,17/10/2004,Ciudad de Murcia,Xerez,0,2,A,0,1,A,2.75,2.62,2.62,3.2,2.45,2.5,2.95,2.6,2.5,2.9,2.6,2.4,2.88,2.8,2.38,2.8,2.62,2.6,2.6,2.65,2.75,1.95,1.66,1.38,2.5,0.5,1.94,1.9,0.25,,,,,,,,,,,
SP2,17/10/2004,Cordoba,Gimnastic,2,0,H,0,0,D,2.25,2.75,3.25,2.2,2.55,3.6,2.3,2.6,3.25,2.3,2.6,3,2.38,2.75,3,2.38,2.7,3,2.3,2.7,3.1,2.2,1.51,2.3,1.44,-0.5,2,1.84,-0.25,,,,,,,,,,,
SP2,17/10/2004,Elche,Almeria,0,0,D,0,0,D,1.83,2.87,4.33,1.85,2.75,4.55,1.85,2.75,4.55,1.85,2.7,4.1,1.8,2.88,4.5,1.85,2.8,4.33,1.95,2.75,4,2.1,1.56,1.85,1.71,-0.5,1.94,1.9,-0.5,,,,,,,,,,,
SP2,17/10/2004,Ferrol,Alaves,2,1,H,0,0,D,2.37,2.7,3,2.5,2.45,3.2,2.4,2.6,3.1,2.5,2.6,2.8,2.38,2.75,3,2.38,2.62,3.1,2.25,2.6,3.35,2.1,1.56,2.4,1.41,-0.5,1.8,2.04,0,,,,,,,,,,,
SP2,17/10/2004,Salamanca,Recreativo,1,0,H,1,0,H,2.5,2.75,2.75,2.55,2.45,3.1,2.4,2.6,3.1,2.4,2.6,2.9,2.63,2.75,2.63,2.4,2.7,3,2.4,2.65,3,2.2,1.51,2.4,1.41,-0.5,1.86,1.98,0,,,,,,,,,,,
SP2,17/10/2004,Valladolid,Lleida,1,1,D,0,1,A,2,2.75,3.8,1.9,2.7,4.4,2.1,2.6,3.75,2.1,2.7,3.3,2,2.8,3.75,2.2,2.62,3.4,2.15,2.65,3.5,2,1.61,2.1,1.54,-0.5,1.94,1.9,-0.5,,,,,,,,,,,
SP2,23/10/2004,Eibar,Ciudad de Murcia,3,2,H,3,0,H,1.72,2.75,5.5,1.75,2.8,5.2,1.75,2.8,5,1.75,2.7,4.8,1.73,2.88,5,1.8,2.75,4.8,1.8,2.85,4.5,2,1.61,1.75,1.79,-0.5,1.86,1.98,-0.5,,,,,,,,,,,
SP2,23/10/2004,Gimnastic,Elche,2,0,H,1,0,H,2.75,2.5,2.75,2.65,2.45,2.95,2.7,2.6,2.7,2.7,2.6,2.6,2.8,2.6,2.6,2.7,2.6,2.7,2.6,2.6,2.8,2,1.61,2.7,1.32,-0.5,1.98,1.86,0,,,,,,,,,,,
SP2,23/10/2004,Lleida,Tenerife,1,1,D,0,0,D,2.25,2.6,3.4,2.2,2.5,3.75,2.25,2.6,3.4,2.3,2.5,3.2,2.2,2.5,3.75,2.25,2.62,3.3,2.3,2.6,3.25,2.3,1.46,2.25,1.47,-0.5,2.08,1.76,-0.25,,,,,,,,,,,
SP2,23/10/2004,Xerez,Pontevedra,1,0,H,1,0,H,1.8,2.87,4.5,1.8,2.7,5.1,1.85,2.7,4.6,1.8,2.7,4.4,1.8,2.9,4.5,1.85,2.8,4.33,1.9,2.8,4.1,1.95,1.66,1.85,1.7,-0.5,1.86,1.98,-0.5,,,,,,,,,,,
SP2,24/10/2004,Alaves,Terrassa,4,1,H,3,1,H,1.9,2.7,4.33,1.9,2.65,4.55,1.95,2.7,4.15,1.85,2.6,4.4,1.83,2.8,4.5,1.91,2.7,4.33,1.95,2.75,4,1.95,1.66,1.95,1.64,-0.5,1.96,1.88,-0.5,,,,,,,,,,,
SP2,24/10/2004,Almeria,Valladolid,0,0,D,0,0,D,2.4,2.7,3,2.5,2.45,3.2,2.5,2.5,3.1,2.5,2.6,2.8,2.25,2.7,3.25,2.38,2.7,3,2.4,2.6,3.1,2.2,1.51,2.5,1.38,-0.5,,,,,,,,,,,,,,
SP2,24/10/2004,Celta,Malaga B,0,0,D,0,0,D,1.9,2.7,4.33,1.9,2.65,4.55,1.9,2.7,4.4,1.8,2.7,4.4,2,2.7,4,1.85,2.75,4.5,1.95,2.7,4.1,2,1.61,1.9,1.67,-0.5,1.9,1.94,-0.75,,,,,,,,,,,
SP2,24/10/2004,Ferrol,Cadiz,1,1,D,1,1,D,2.25,2.75,3.25,2.15,2.55,3.75,2.3,2.6,3.3,2.3,2.6,3,2.2,2.5,3.75,2.25,2.75,3.2,2.3,2.65,3.15,2.2,1.51,2.3,1.45,-0.5,2,1.84,-0.25,,,,,,,,,,,
SP2,24/10/2004,Murcia,Salamanca,0,0,D,0,0,D,2.37,2.62,3.1,2.35,2.55,3.3,2.4,2.5,3.25,2.4,2.5,3,2.25,2.75,3.2,2.38,2.7,3,2.3,2.6,3.25,2.1,1.56,2.4,1.41,-0.5,1.74,2.1,-0.25,,,,,,,,,,,
SP2,24/10/2004,Recreativo,Poli Ejido,1,1,D,1,1,D,2.5,2.5,3.1,2.4,2.5,3.25,2.5,2.6,2.95,2.5,2.6,2.8,2.6,2.5,3,2.5,2.75,2.75,2.6,2.55,2.85,2.45,1.41,2.5,1.38,-0.5,1.74,2.1,0,,,,,,,,,,,
SP2,24/10/2004,Sp Gijon,Cordoba,3,1,H,0,1,A,1.83,2.75,4.5,1.8,2.75,4.95,1.85,2.7,4.7,1.85,2.7,4.2,1.83,2.8,4.5,1.83,2.8,4.5,1.8,2.85,4.5,2.3,1.46,1.85,1.71,-0.5,1.88,1.96,-0.5,,,,,,,,,,,
SP2,30/10/2004,Cadiz,Alaves,0,1,A,0,0,D,2.25,2.7,3.25,2.3,2.5,3.45,2.3,2.65,3.2,2.2,2.6,3.2,2.25,2.5,3.5,2.25,2.6,3.4,2.25,2.65,3.25,,,2.3,1.45,-0.5,2.02,1.82,-0.25,,,,,,,,,,,
SP2,31/10/2004,Ciudad de Murcia,Lleida,1,2,A,0,0,D,2.5,2.5,3.1,2.6,2.45,3.05,2.55,2.5,3,2.6,2.6,2.7,2.7,2.7,2.6,2.5,2.6,3,2.6,2.5,2.9,,,2.55,1.36,-0.5,1.8,2.04,0,,,,,,,,,,,
SP2,31/10/2004,Cordoba,Recreativo,0,2,A,0,1,A,2.4,2.5,3.2,2.45,2.45,3.25,2.45,2.55,3.1,2.3,2.6,3,2.6,2.75,2.6,2.4,2.7,3,2.4,2.65,3,,,2.45,1.4,-0.5,2.06,1.78,-0.25,,,,,,,,,,,
SP2,31/10/2004,Elche,Sp Gijon,4,0,H,1,0,H,2.1,2.75,3.5,2.1,2.6,3.8,2.15,2.7,3.45,2.1,2.6,3.5,2.1,2.7,3.6,2.1,2.7,3.6,2.1,2.7,3.55,,,2.15,1.51,-0.5,1.82,2.02,-0.25,,,,,,,,,,,
SP2,31/10/2004,Malaga B,Ferrol,1,1,D,1,1,D,2.5,2.5,3.1,2.5,2.45,3.2,2.45,2.65,2.95,2.6,2.6,2.7,2.7,2.7,2.6,2.5,2.6,3,2.45,2.65,2.95,,,2.45,1.4,-0.5,1.9,1.94,0,,,,,,,,,,,
SP2,31/10/2004,Poli Ejido,Murcia,1,1,D,0,1,A,1.72,3,4.5,1.7,2.8,5.6,,,,,,,1.7,2.88,5.5,1.7,3,5,1.65,2.85,5.8,,,,,,1.98,1.86,-0.75,,,,,,,,,,,
SP2,31/10/2004,Pontevedra,Eibar,2,3,A,0,2,A,2.5,2.5,3.1,2.4,2.4,3.45,2.4,2.6,3.1,2.4,2.6,2.9,2.7,2.5,2.8,2.4,2.6,3.1,2.45,2.6,3,,,2.4,1.41,-0.5,1.78,2.06,0,,,,,,,,,,,
SP2,31/10/2004,Salamanca,Celta,0,1,A,0,1,A,2.37,2.5,3.25,2.4,2.45,3.35,2.4,2.6,3.1,2.4,2.6,2.9,2.5,2.6,3,2.4,2.7,3,2.4,2.65,3,,,2.4,1.41,-0.5,1.86,1.98,0,,,,,,,,,,,
SP2,31/10/2004,Tenerife,Almeria,1,3,A,0,1,A,1.9,2.62,4.5,1.9,2.65,4.55,1.9,2.7,4.4,1.9,2.6,4.2,1.9,2.7,4.5,1.91,2.75,4.2,1.9,2.75,4.2,,,1.9,1.67,-0.5,1.96,1.88,-0.5,,,,,,,,,,,
SP2,31/10/2004,Terrassa,Xerez,0,1,A,0,0,D,2.5,2.62,3,2.5,2.45,3.2,2.55,2.55,2.95,2.6,2.6,2.7,2.7,2.5,2.8,2.6,2.6,2.8,2.5,2.6,2.9,,,2.55,1.37,-0.5,1.76,2.08,0,,,,,,,,,,,
SP2,31/10/2004,Valladolid,Gimnastic,1,0,H,0,0,D,1.9,2.62,4.5,1.8,2.75,4.9,1.83,2.8,4.55,1.85,2.7,4.2,1.9,2.7,4.5,1.91,2.7,4.33,1.9,2.75,4.2,,,1.83,1.73,-0.5,1.94,1.9,-0.5,,,,,,,,,,,
SP2,06/11/2004,Alaves,Xerez,2,0,H,0,0,D,2.25,2.62,3.3,2.35,2.5,3.35,2.3,2.6,3.3,2.2,2.6,3.2,2.25,2.5,3.5,2.25,2.7,3.25,2.3,2.65,3.2,2.1,1.56,2.3,1.45,-0.5,2.02,1.82,-0.25,2,1.85,-0.25,,,,,,,,
SP2,06/11/2004,Cadiz,Malaga B,4,0,H,1,0,H,2,2.7,4,2,2.55,4.3,2.05,2.7,3.75,2,2.7,3.6,2,2.7,4,2,2.7,4,2.15,2.65,3.5,2.2,1.51,2.05,1.57,-0.5,2.06,1.78,-0.5,2.05,1.8,-0.5,,,,,,,,
SP2,06/11/2004,Ferrol,Salamanca,2,1,H,0,0,D,2,2.7,4,1.9,2.6,4.7,2.05,2.7,3.75,2.1,2.6,3.5,2.1,2.5,4,2,2.7,4,2.15,2.6,3.6,2.2,1.51,2.05,1.57,-0.5,1.78,2.06,-0.25,2.05,1.8,-0.5,,,,,,,,
SP2,06/11/2004,Gimnastic,Tenerife,1,0,H,1,0,H,2.37,2.62,3.1,2.3,2.45,3.55,2.45,2.55,3.1,2.4,2.6,2.9,2.5,2.6,3,2.4,2.7,3,2.45,2.55,3.05,2.3,1.46,2.45,1.4,-0.5,2.04,1.8,-0.25,2.1,1.75,-0.25,,,,,,,,
SP2,07/11/2004,Almeria,Ciudad de Murcia,0,0,D,0,0,D,1.9,2.75,4.2,1.9,2.6,4.7,2,2.7,3.9,1.85,2.7,4.2,2.1,2.6,3.75,1.95,2.7,4.2,1.95,2.7,4.1,2.2,1.51,2,1.6,-0.5,2,1.84,-0.5,2,1.85,-0.5,,,,,,,,
SP2,07/11/2004,Celta,Poli Ejido,1,0,H,0,0,D,2.2,2.62,3.4,2.3,2.45,3.55,2.3,2.6,3.3,2.2,2.6,3.2,2.1,2.5,4,2.3,2.62,3.25,2.35,2.65,3.1,2.2,1.51,2.3,1.45,-0.5,2.08,1.76,-0.25,1.75,2.1,0,,,,,,,,
SP2,07/11/2004,Eibar,Terrassa,1,0,H,1,0,H,1.72,2.87,5,1.7,3,5,1.8,2.85,4.6,1.75,2.8,4.5,1.73,2.88,5,1.73,2.9,5,1.8,2.85,4.5,1.95,1.66,1.8,1.76,-0.5,1.8,2.04,-0.5,1.8,2.05,-0.5,,,,,,,,
SP2,07/11/2004,Lleida,Pontevedra,3,0,H,0,0,D,2,2.7,4,2.1,2.55,3.9,2,2.65,4,2,2.7,3.6,1.9,2.7,4.5,2,2.7,4,2,2.6,4.1,2.1,1.56,2,1.59,-0.5,1.84,2,-0.25,1.85,2,-0.25,,,,,,,,
SP2,07/11/2004,Murcia,Cordoba,1,0,H,0,0,D,2.1,2.75,3.5,2,2.55,4.3,2.1,2.7,3.6,2.1,2.6,3.5,1.9,2.7,4.5,2,2.7,4,2.25,2.6,3.35,2.3,1.46,2.1,1.54,-0.5,1.8,2.04,-0.25,1.8,2.05,-0.25,,,,,,,,
SP2,07/11/2004,Recreativo,Elche,2,1,H,0,0,D,2.37,2.75,2.9,2.4,2.5,3.25,2.45,2.6,3,2.4,2.6,2.9,2.5,2.75,2.8,2.4,2.7,3,2.45,2.6,3,2.3,1.46,2.45,1.39,-0.5,1.78,2.06,0,1.825,2.025,0,,,,,,,,
SP2,07/11/2004,Sp Gijon,Valladolid,1,1,D,0,0,D,2.3,2.62,3.25,2.4,2.5,3.25,2.35,2.55,3.25,2.4,2.6,2.9,2.25,2.5,3.5,2.38,2.7,3,2.35,2.6,3.15,2.3,1.46,2.35,1.43,-0.5,1.7,2.14,0,1.75,2.1,0,,,,,,,,
SP2,13/11/2004,Cordoba,Celta,0,1,A,0,0,D,2.9,2.75,2.37,3.25,2.5,2.4,3,2.6,2.45,3,2.5,2.4,3.25,2.6,2.3,3.1,2.7,2.3,3,2.55,2.5,2.3,1.46,1.39,2.45,0.5,2.12,1.72,0,1.9,1.95,0.25,,,,,,,,
SP2,13/11/2004,Terrassa,Lleida,3,0,H,0,0,D,2.62,2.62,2.75,2.6,2.55,2.9,2.6,2.6,2.8,2.6,2.6,2.7,2.8,2.6,2.6,2.6,2.62,2.8,2.6,2.65,2.75,2.2,1.51,2.6,1.35,-0.5,1.88,1.96,0,1.875,1.975,0,,,,,,,,
SP2,14/11/2004,Ciudad de Murcia,Gimnastic,1,1,D,0,1,A,2.25,2.75,3.2,2.35,2.6,3.2,2.35,2.65,3.1,2.3,2.6,3,2.4,2.75,3,2.3,2.7,3.1,2.35,2.65,3.1,2.2,1.51,2.35,1.43,-0.5,2.08,1.76,-0.25,2.075,1.775,-0.25,,,,,,,,
SP2,14/11/2004,Elche,Murcia,1,0,H,0,0,D,1.72,2.87,5,1.75,3,4.6,1.8,2.85,4.6,1.9,2.7,4,1.7,2.8,5.5,1.8,2.88,4.5,1.75,2.9,4.7,2.3,1.46,1.8,1.76,-0.5,1.84,2,-0.5,1.8,2.05,-0.5,,,,,,,,
SP2,14/11/2004,Malaga B,Alaves,1,1,D,1,0,H,2.75,2.75,2.5,3.35,2.45,2.4,2.8,2.55,2.65,3,2.6,2.3,2.8,2.75,2.5,2.9,2.62,2.5,2.7,2.6,2.7,2,1.61,1.33,2.65,0.5,2,1.84,0,1.9,2,0.25,,,,,,,,
SP2,14/11/2004,Poli Ejido,Ferrol,0,0,D,0,0,D,2.25,2.75,3.2,2.35,2.45,3.45,2.3,2.65,3.2,2.3,2.6,3,2.4,2.6,3.1,2.3,2.62,3.25,2.35,2.7,3,2.3,1.46,2.3,1.45,-0.5,2.04,1.8,-0.25,1.85,2,-0.25,,,,,,,,
SP2,14/11/2004,Pontevedra,Almeria,0,2,A,0,1,A,2.5,2.62,2.87,2.6,2.4,3.1,2.5,2.65,2.9,2.5,2.6,2.8,2.75,2.7,2.6,2.5,2.62,2.9,2.55,2.6,2.85,2,1.61,2.5,1.38,-0.5,1.82,2.02,0,1.65,2.2,0,,,,,,,,
SP2,14/11/2004,Salamanca,Cadiz,1,3,A,1,2,A,2.62,2.62,2.75,2.85,2.5,2.65,2.6,2.6,2.8,2.5,2.6,2.8,2.4,2.75,2.9,2.6,2.6,2.8,2.6,2.7,2.7,2.3,1.46,2.6,1.35,-0.5,2.04,1.8,0,2.125,1.725,0,,,,,,,,
SP2,14/11/2004,Tenerife,Sp Gijon,1,0,H,0,0,D,2.2,2.75,3.25,2.25,2.5,3.6,2.3,2.65,3.2,2.2,2.6,3.2,2.2,2.6,3.5,2.2,2.62,3.5,2.25,2.7,3.2,2.3,1.46,2.3,1.45,-0.5,1.96,1.88,-0.25,1.925,1.925,-0.25,,,,,,,,
SP2,14/11/2004,Valladolid,Recreativo,1,0,H,1,0,H,2.2,2.75,3.25,2.2,2.55,3.6,2.25,2.65,3.3,2.2,2.6,3.2,2.2,2.6,3.5,2.25,2.7,3.25,2.25,2.7,3.2,2.2,1.51,2.25,1.47,-0.5,,,,1.975,1.875,-0.25,,,,,,,,
SP2,14/11/2004,Xerez,Eibar,0,3,A,0,1,A,2.2,2.75,3.25,2.2,2.55,3.6,2.3,2.65,3.2,2.2,2.6,3.2,2.2,2.5,3.75,2.25,2.7,3.25,2.25,2.65,3.25,2.3,1.46,2.3,1.45,-0.5,1.94,1.9,-0.25,1.95,1.9,-0.25,,,,,,,,
SP2,20/11/2004,Cadiz,Poli Ejido,3,0,H,1,0,H,2.1,2.62,3.75,2.15,2.55,3.75,2.15,2.65,3.55,2.1,2.6,3.5,2,2.7,4,2.1,2.7,3.6,2.1,2.7,3.55,2.3,1.46,2.15,1.52,-0.5,1.82,2.02,-0.25,1.8,2.05,-0.25,,,,,,,,
SP2,20/11/2004,Lleida,Xerez,1,1,D,1,1,D,2.37,2.5,3.25,2.45,2.5,3.2,2.4,2.6,3.1,2.4,2.6,2.9,2.38,2.6,3.2,2.4,2.7,3,2.35,2.6,3.15,2.3,1.46,2.4,1.41,-0.5,1.78,2.06,0,1.75,2.1,0,,,,,,,,
SP2,20/11/2004,Recreativo,Tenerife,0,0,D,0,0,D,2.2,2.62,3.4,2.1,2.55,3.9,2.15,2.65,3.55,2.2,2.6,3.2,2.1,2.6,3.75,2.1,2.7,3.6,2.15,2.6,3.6,2.45,1.41,2.15,1.52,-0.5,1.92,1.92,-0.25,1.925,1.925,-0.25,,,,,,,,
SP2,21/11/2004,Alaves,Eibar,0,2,A,0,0,D,2.25,2.75,3.25,2.3,2.5,3.45,2.3,2.6,3.3,2.2,2.6,3.2,2.2,2.6,3.5,2.25,2.7,3.25,2.3,2.6,3.25,2.1,1.56,2.3,1.45,-0.5,1.98,1.86,-0.25,1.95,1.9,-0.25,,,,,,,,
SP2,21/11/2004,Almeria,Terrassa,2,2,D,1,1,D,2,2.75,3.75,2,2.6,4.2,2,2.65,4.05,2.1,2.6,3.5,2,2.7,4,2,2.75,3.8,2.05,2.7,3.7,2.3,1.46,2,1.6,-0.5,1.76,2.08,-0.25,1.75,2.1,-0.25,,,,,,,,
SP2,21/11/2004,Celta,Elche,2,2,D,0,2,A,2,2.75,3.75,1.9,2.6,4.7,2,2.65,4.05,1.9,2.7,4,1.8,2.9,4.5,2,2.7,4,2,2.65,4,2.3,1.46,2,1.6,-0.5,1.74,2.1,-0.25,1.75,2.1,-0.25,,,,,,,,
SP2,21/11/2004,Ferrol,Cordoba,0,0,D,0,0,D,1.53,3.25,6,1.6,3,6,1.6,3.1,5.75,1.6,3,5.2,1.5,3.25,6.5,1.57,3.1,6,1.55,3.15,6,2.2,1.51,1.6,2.01,-0.5,1.8,2.04,-0.75,1.875,1.975,-0.75,,,,,,,,
SP2,21/11/2004,Gimnastic,Pontevedra,0,0,D,0,0,D,2,2.75,3.75,2,2.6,4.2,2,2.65,4.05,1.9,2.7,4,1.9,2.75,4.33,2,2.7,4,2,2.7,3.9,2.3,1.46,2,1.6,-0.5,1.74,2.1,-0.25,2,1.85,-0.5,,,,,,,,
SP2,21/11/2004,Malaga B,Salamanca,1,3,A,0,1,A,2.37,2.6,3.2,2.3,2.5,3.45,2.3,2.6,3.3,2.3,2.6,3,2.25,2.5,3.6,2.2,2.7,3.3,2.25,2.7,3.2,2.3,1.46,2.3,1.45,-0.5,,,,2.05,1.8,-0.25,,,,,,,,
SP2,21/11/2004,Murcia,Valladolid,0,1,A,0,1,A,2.62,2.62,2.75,2.6,2.45,3,2.7,2.5,2.8,2.6,2.6,2.7,3,2.7,2.4,2.6,2.7,2.7,2.7,2.6,2.7,2.3,1.46,2.7,1.32,-0.5,1.9,1.94,0,1.9,1.95,0,,,,,,,,
SP2,21/11/2004,Sp Gijon,Ciudad de Murcia,2,2,D,0,0,D,2,2.6,4,2,2.6,4.2,2,2.65,4.05,2,2.7,3.6,2,2.7,4,2,2.7,4,2.05,2.8,3.55,2.3,1.46,2,1.6,-0.5,1.78,2.06,-0.25,1.75,2.1,-0.25,,,,,,,,
SP2,27/11/2004,Terrassa,Gimnastic,1,2,A,1,1,D,2.2,2.62,3.4,2.15,2.55,3.75,2.1,2.6,3.75,2.2,2.6,3.2,2,2.7,4,2.1,2.7,3.6,2.25,2.6,3.4,2.1,1.56,2.1,1.54,-0.5,1.84,2,-0.25,,,,,,,,,,,
SP2,27/11/2004,Valladolid,Celta,3,3,D,2,2,D,2.37,2.5,3.25,2.45,2.5,3.2,2.35,2.6,3.2,2.3,2.6,3,2.25,2.5,3.6,2.3,2.7,3.1,2.4,2.5,3.2,2.2,1.51,2.35,1.43,-0.5,2.08,1.76,-0.25,,,,,,,,,,,
SP2,27/11/2004,Xerez,Almeria,1,1,D,1,1,D,2.2,2.62,3.6,2.1,2.55,3.95,2.1,2.6,3.75,2.1,2.6,3.5,2.25,2.6,3.4,2.1,2.7,3.6,2.2,2.6,3.5,2.2,1.51,2.1,1.54,-0.5,1.92,1.92,-0.25,,,,,,,,,,,
SP2,28/11/2004,Ciudad de Murcia,Recreativo,2,2,D,2,0,H,2.75,2.5,2.75,2.7,2.45,2.9,2.65,2.5,2.85,2.5,2.6,2.8,2.7,2.5,2.8,2.5,2.62,2.9,2.65,2.5,2.85,2.1,1.56,2.65,1.33,-0.5,1.82,2.02,0,1.85,2,0,,,,,,,,
SP2,28/11/2004,Cordoba,Cadiz,0,2,A,0,1,A,3.4,2.62,2.2,3.65,2.55,2.2,3.5,2.6,2.2,3,2.6,2.3,3.5,2.6,2.2,3.4,2.7,2.2,3.4,2.65,2.2,2.2,1.51,1.49,2.2,0.5,1.84,2,0.25,1.925,1.925,0.25,,,,,,,,
SP2,28/11/2004,Eibar,Lleida,1,1,D,0,0,D,1.9,2.62,4.5,1.75,2.7,5.5,1.85,2.8,4.4,1.85,2.7,4.2,1.83,2.75,4.5,1.85,2.8,4.33,2,2.65,4,2.1,1.56,1.85,1.71,-0.5,2,1.84,-0.5,2,1.85,-0.5,,,,,,,,
SP2,28/11/2004,Elche,Ferrol,2,1,H,0,0,D,2.2,2.62,3.4,2.1,2.55,3.95,2.15,2.6,3.65,2.1,2.6,3.5,2.1,2.5,4,2.1,2.7,3.6,2.15,2.6,3.6,2.2,1.51,2.15,1.52,-0.5,1.92,1.92,-0.25,1.75,2.1,0.25,,,,,,,,
SP2,28/11/2004,Poli Ejido,Malaga B,1,2,A,1,1,D,1.9,2.62,4.5,1.95,2.6,4.45,1.95,2.6,4.4,1.9,2.7,4,2.1,2.5,4,1.91,2.75,4.2,2.05,2.65,3.8,2.1,1.56,1.95,1.63,-0.5,2.04,1.8,-0.5,2,1.85,-0.5,,,,,,,,
SP2,28/11/2004,Pontevedra,Sp Gijon,1,2,A,0,1,A,2.5,2.62,2.87,2.7,2.45,2.9,2.6,2.6,2.8,2.5,2.6,2.8,2.4,2.5,3.25,2.5,2.62,3,2.6,2.55,2.85,2.1,1.56,2.6,1.35,-0.5,1.82,2.02,0,2.05,1.8,0,,,,,,,,
SP2,28/11/2004,Salamanca,Alaves,3,3,D,1,2,A,2.87,2.5,2.62,3.2,2.45,2.5,2.65,2.5,2.85,2.65,2.6,2.65,3,2.75,2.3,2.75,2.62,2.62,2.65,2.5,2.85,2.1,1.56,2.65,1.33,-0.5,1.96,1.88,0,2,1.85,0,,,,,,,,
SP2,28/11/2004,Tenerife,Murcia,2,1,H,0,1,A,1.83,2.75,4.5,1.9,2.6,4.7,1.9,2.6,4.65,1.85,2.7,4.2,1.73,2.88,5,1.8,2.7,5,1.85,2.85,4.3,2.3,1.46,1.9,1.67,-0.5,1.86,1.98,-0.5,2,1.85,-0.5,,,,,,,,
SP2,04/12/2004,Alaves,Lleida,2,0,H,1,0,H,2.2,2.75,3.25,2.1,2.65,3.7,2.1,2.7,3.6,2,2.6,3.8,2.2,2.5,3.75,2.1,2.75,3.5,,,,1.9,1.7,2.1,1.54,-0.5,1.76,2.08,-0.25,1.775,2.075,-0.25,,,,,,,,
SP2,04/12/2004,Celta,Tenerife,1,1,D,0,1,A,2,2.75,4,1.9,2.6,4.7,1.95,2.7,4.15,1.9,2.6,4.2,2,2.5,4.5,1.91,2.7,4.33,1.95,2.7,4.1,2.2,1.51,1.95,1.64,-0.5,1.98,1.86,-0.5,1.975,1.875,-0.5,,,,,,,,
SP2,04/12/2004,Recreativo,Pontevedra,2,1,H,1,1,D,1.83,2.75,4.5,1.9,2.6,4.7,1.9,2.7,4.45,1.8,2.6,4.6,1.83,2.62,5,1.8,2.8,4.75,1.8,2.8,4.65,2.2,1.51,1.9,1.68,-0.5,1.86,1.98,-0.5,1.975,1.875,-0.5,,,,,,,,
SP2,05/12/2004,Almeria,Eibar,2,1,H,1,1,D,2.62,2.62,2.75,2.9,2.45,2.7,2.75,2.5,2.75,2.6,2.5,2.8,2.75,2.5,2.75,2.7,2.6,2.7,2.7,2.5,2.8,2.2,1.51,2.75,1.31,-0.5,1.98,1.86,0,1.95,1.9,0,,,,,,,,
SP2,05/12/2004,Cadiz,Elche,3,1,H,1,1,D,2.1,2.62,3.75,2.1,2.55,3.95,2.1,2.6,3.8,2.1,2.6,3.5,2.3,2.5,3.4,2.1,2.7,3.6,2.1,2.65,3.65,2,1.61,2.1,1.54,-0.5,1.78,2.06,-0.25,1.9,1.95,-0.25,,,,,,,,
SP2,05/12/2004,Ferrol,Valladolid,2,3,A,0,2,A,2.25,2.5,3.6,2.35,2.5,3.35,2.3,2.6,3.3,2.3,2.6,3,2.25,2.5,3.5,2.3,2.62,3.25,2.3,2.6,3.25,2.2,1.51,2.3,1.45,-0.5,2.08,1.76,-0.25,2.1,1.75,-0.25,,,,,,,,
SP2,05/12/2004,Gimnastic,Xerez,1,0,H,0,0,D,2.5,2.62,2.87,2.6,2.45,3.05,2.6,2.6,2.85,2.5,2.6,2.8,2.5,2.62,2.88,2.6,2.6,2.8,2.65,2.5,2.85,2.2,1.51,2.6,1.36,-0.5,1.78,2.06,0,1.8,2.05,0,,,,,,,,
SP2,05/12/2004,Malaga B,Cordoba,3,2,H,1,0,H,1.83,2.87,4.5,1.9,2.6,4.7,1.9,2.75,4.3,1.85,2.7,4.2,1.73,2.88,5,1.85,2.8,4.33,1.9,2.7,4.3,2.2,1.51,1.9,1.68,-0.5,2.04,1.8,-0.5,2.025,1.825,-0.5,,,,,,,,
SP2,05/12/2004,Murcia,Ciudad de Murcia,2,2,D,0,1,A,,,,2.6,2.45,3.05,2.6,2.55,2.9,2.5,2.6,2.8,2.5,2.62,2.88,2.6,2.6,2.8,2.7,2.5,2.8,2.1,1.56,2.6,1.36,-0.5,1.82,2.02,0,,,,,,,,,,,
SP2,05/12/2004,Salamanca,Poli Ejido,1,1,D,0,1,A,2.37,2.75,3,2.5,2.55,3.05,2.5,2.55,3,2.4,2.6,2.9,2.5,2.62,2.88,2.4,2.7,3,2.55,2.55,2.9,2.2,1.51,2.5,1.38,-0.5,1.76,2.08,0,1.8,2.05,0,,,,,,,,
SP2,05/12/2004,Sp Gijon,Terrassa,2,0,H,1,0,H,2.1,2.75,3.5,2,2.6,4.2,2,2.7,3.95,2,2.6,3.8,2.1,2.75,3.5,2.1,2.75,3.5,2.05,2.6,3.9,2,1.61,2,1.6,-0.5,2.04,1.8,-0.5,2.1,1.75,-0.5,,,,,,,,
SP2,11/12/2004,Eibar,Gimnastic,0,2,A,0,0,D,1.72,2.87,5,1.65,2.9,5.8,1.7,2.9,5.15,1.8,2.7,4.4,1.8,2.88,4.5,1.73,2.88,5,1.8,2.8,4.65,2,1.61,1.7,1.86,-0.5,1.74,2.1,-0.5,2.025,1.725,-0.75,,,,,,,,
SP2,11/12/2004,Tenerife,Ferrol,1,1,D,1,0,H,2.1,2.62,3.75,2.2,2.55,3.65,2.15,2.6,3.65,2,2.6,3.8,1.91,2.7,4.33,2.1,2.62,3.75,2.2,2.6,3.45,2.2,1.51,2.15,1.52,-0.5,1.88,1.96,-0.25,1.95,1.9,-0.5,,,,,,,,
SP2,11/12/2004,Xerez,Sp Gijon,1,0,H,0,0,D,2.1,2.7,3.6,2.1,2.6,3.75,2.15,2.6,3.65,2,2.6,3.8,2.2,2.6,3.5,2.1,2.7,3.6,2.1,2.65,3.65,2.2,1.51,2.15,1.52,-0.5,1.8,2.04,-0.25,1.85,2,-0.25,,,,,,,,
SP2,12/12/2004,Ciudad de Murcia,Celta,2,2,D,2,1,H,2.87,2.5,2.62,3.25,2.5,2.4,2.9,2.6,2.55,2.8,2.6,2.5,3.5,2.5,2.3,2.88,2.62,2.5,2.85,2.55,2.6,1.95,1.66,1.37,2.55,0.5,2.08,1.76,0,2.1,1.75,0,,,,,,,,
SP2,12/12/2004,Cordoba,Salamanca,0,0,D,0,0,D,2.75,2.62,2.62,2.9,2.5,2.65,2.8,2.6,2.6,2.7,2.6,2.6,3,2.75,2.38,2.8,2.62,2.6,2.8,2.6,2.6,2.1,1.56,1.35,2.6,0.5,1.94,1.9,0,1.875,1.975,0,,,,,,,,
SP2,12/12/2004,Elche,Malaga B,2,1,H,1,0,H,1.8,2.87,4.5,1.75,2.7,5.5,1.8,2.8,4.75,1.75,2.8,4.5,1.8,2.88,4.5,1.73,2.88,5,1.9,2.8,4.1,2,1.61,1.8,1.76,-0.5,2.06,1.78,-0.75,2.075,1.775,-0.75,,,,,,,,
SP2,12/12/2004,Lleida,Almeria,1,0,H,0,0,D,2.37,2.62,3.1,2.35,2.5,3.35,2.4,2.6,3.1,2.4,2.6,2.9,2.62,2.62,2.75,2.38,2.62,3.1,2.4,2.6,3.05,2,1.61,2.4,1.41,-0.5,1.78,2.06,0,1.825,2.025,0,,,,,,,,
SP2,12/12/2004,Poli Ejido,Alaves,0,1,A,0,0,D,2.5,2.62,2.87,2.65,2.5,2.9,2.55,2.65,2.85,2.6,2.6,2.7,2.6,2.5,3,2.5,2.62,2.88,2.5,2.55,3,2,1.61,2.55,1.37,-0.5,1.92,1.92,0,2,1.85,0,,,,,,,,
SP2,12/12/2004,Pontevedra,Murcia,0,1,A,0,0,D,2.2,2.75,3.25,2.25,2.5,3.6,2.3,2.65,3.2,2.4,2.7,2.8,2.5,2.62,2.88,2.25,2.62,3.3,2.3,2.6,3.25,2,1.61,2.3,1.45,-0.5,2.06,1.78,-0.25,1.85,2,0,,,,,,,,
SP2,12/12/2004,Terrassa,Recreativo,1,0,H,1,0,H,2.37,2.7,3,2.45,2.5,3.2,2.4,2.6,3.1,2.4,2.6,2.9,2.38,2.6,3.2,2.4,2.62,3.1,2.45,2.6,3,2.1,1.56,2.4,1.41,-0.5,1.8,2.04,0,1.8,2.05,0,,,,,,,,
SP2,12/12/2004,Valladolid,Cadiz,0,1,A,0,0,D,2.37,2.62,3.1,2.35,2.5,3.35,2.4,2.6,3.1,2.3,2.6,3,2.38,2.6,3.2,2.4,2.62,3.1,2.5,2.6,2.9,2,1.61,2.4,1.41,-0.5,1.76,2.08,0,1.975,1.925,-0.25,,,,,,,,
SP2,18/12/2004,Cadiz,Tenerife,4,1,H,2,0,H,1.72,2.87,5,1.75,2.7,5.5,1.8,2.75,4.9,1.8,2.7,4.4,1.62,3,6,1.75,2.8,5,1.85,2.75,4.5,1.95,1.66,1.8,1.76,-0.5,1.76,2.08,-0.5,1.8,2.05,-0.5,,,,,,,,
SP2,18/12/2004,Ferrol,Ciudad de Murcia,4,0,H,3,0,H,1.83,2.8,4.5,1.85,2.65,4.9,1.95,2.65,4.25,1.85,2.7,4.2,2.1,2.5,3.75,2,2.6,4.2,,,,1.85,1.74,1.95,1.63,-0.5,1.96,1.88,-0.5,2,1.85,-0.5,,,,,,,,
SP2,18/12/2004,Gimnastic,Lleida,2,1,H,2,0,H,2.25,2.6,3.4,2.25,2.5,3.6,2.35,2.6,3.2,2.3,2.5,3.1,2.25,2.75,3.2,2.25,2.7,3.25,2.3,2.6,3.25,2.3,1.46,2.35,1.43,-0.5,2.08,1.76,-0.25,2.05,1.8,-0.25,,,,,,,,
SP2,18/12/2004,Murcia,Terrassa,0,1,A,0,0,D,2.3,2.6,3.25,2.35,2.5,3.35,2.3,2.6,3.3,2.2,2.6,3.2,2.25,2.6,3.4,2.25,2.6,3.4,2.35,2.55,3.25,2.1,1.56,2.3,1.45,-0.5,2.04,1.8,-0.25,2.075,1.775,-0.25,,,,,,,,
SP2,18/12/2004,Poli Ejido,Cordoba,2,0,H,1,0,H,1.6,3,6,1.6,3,6.1,1.7,2.9,5.2,1.75,2.8,4.5,1.67,3.2,5,1.67,3,5.2,1.65,2.95,5.5,2.2,1.51,1.7,1.86,-0.5,1.96,1.88,-0.75,2,1.85,-0.75,,,,,,,,
SP2,18/12/2004,Recreativo,Xerez,1,0,H,0,0,D,2.3,2.6,3.25,2.3,2.5,3.45,2.35,2.6,3.2,2.3,2.6,3,2.38,2.5,3.25,2.38,2.6,3.1,2.35,2.6,3.15,2.2,1.51,2.35,1.43,-0.5,1.74,2.1,0,2.075,1.775,-0.25,,,,,,,,
SP2,18/12/2004,Sp Gijon,Eibar,0,0,D,0,0,D,2.5,2.6,2.9,2.5,2.45,3.2,2.55,2.55,2.95,2.5,2.6,2.8,2.5,2.75,2.75,2.6,2.6,2.8,2.65,2.5,2.85,2.1,1.56,2.55,1.37,-0.5,1.82,2.02,0,1.775,2.025,0,,,,,,,,
SP2,19/12/2004,Alaves,Almeria,2,1,H,2,0,H,1.9,2.7,4.33,1.9,2.6,4.7,1.95,2.7,4.15,1.9,2.7,4,1.91,2.88,4,1.91,2.7,4.33,2.05,2.65,3.8,2,1.61,1.85,1.7,-0.5,1.76,2.08,-0.5,1.775,2.075,-0.5,,,,,,,,
SP2,19/12/2004,Celta,Pontevedra,2,0,H,0,0,D,1.57,3.1,6,1.6,3,6.1,1.65,2.9,5.75,1.55,3,5.7,1.5,3.25,6.5,1.6,3,6,1.65,2.95,5.5,1.85,1.74,1.65,1.93,-0.5,1.76,2.08,-0.75,1.75,2.1,-0.75,,,,,,,,
SP2,19/12/2004,Malaga B,Valladolid,0,2,A,0,1,A,2.8,2.6,2.6,3.1,2.5,2.55,2.8,2.55,2.65,2.7,2.5,2.7,2.5,2.75,2.75,2.7,2.6,2.7,2.75,2.5,2.75,2,1.61,1.33,2.65,0.5,2.04,1.8,0,2,1.85,0,,,,,,,,
SP2,19/12/2004,Salamanca,Elche,2,0,H,0,0,D,2.6,2.6,2.8,2.7,2.45,2.9,2.65,2.55,2.8,2.65,2.5,2.75,2.62,2.62,2.75,2.62,2.6,2.8,2.65,2.5,2.85,1.95,1.66,2.65,1.33,-0.5,,,,1.825,2.025,0,,,,,,,,
SP2,21/12/2004,Eibar,Recreativo,1,2,A,1,0,H,1.72,2.87,5,1.8,2.65,5.25,1.8,2.8,4.7,1.85,2.7,4.2,1.7,2.8,5.5,1.8,2.75,4.8,1.8,2.7,5,2.2,1.51,1.8,1.75,-0.5,2.02,1.82,-0.5,2.05,1.8,-0.5,,,,,,,,
SP2,22/12/2004,Almeria,Gimnastic,1,1,D,1,1,D,2.2,2.75,3.25,2.2,2.55,3.65,2.25,2.7,3.2,2.3,2.6,3,2.25,2.75,3.2,2.25,2.7,3.25,2.25,2.7,3.2,2.1,1.56,2.25,1.46,-0.5,1.92,1.92,-0.25,1.9,1.95,-0.25,,,,,,,,
SP2,22/12/2004,Ciudad de Murcia,Cadiz,0,0,D,0,0,D,4,2.87,1.9,3.8,2.6,2.15,3.75,2.7,2.05,3.6,2.7,2,5,2.88,1.73,3.8,2.75,2,3.6,2.75,2.05,1.95,1.66,1.57,2.05,0.5,1.82,2.02,0.5,1.8,2.05,0.5,,,,,,,,
SP2,22/12/2004,Cordoba,Alaves,1,2,A,1,1,D,4,2.9,1.9,4.7,2.6,1.9,4.15,2.8,1.9,4,2.7,1.9,4.33,3,1.8,4.2,2.75,1.91,3.9,2.8,1.95,2,1.61,1.67,1.9,0.5,2.08,1.76,0.5,2.1,1.75,0.5,,,,,,,,
SP2,22/12/2004,Elche,Poli Ejido,3,1,H,2,0,H,1.72,2.75,5.5,1.8,2.65,5.25,1.75,2.8,5.1,1.75,2.7,4.7,1.67,2.88,5.5,1.7,2.8,5.5,1.85,2.75,4.5,2.1,1.56,1.75,1.81,-0.5,1.9,1.94,-0.5,2,1.85,-0.5,,,,,,,,
SP2,22/12/2004,Lleida,Sp Gijon,0,2,A,0,2,A,1.9,2.75,4.33,2.2,2.55,3.65,2.05,2.7,3.75,2,2.6,3.8,1.91,2.88,4,2,2.7,4,2,2.65,4,2.2,1.51,2.05,1.57,-0.5,1.86,1.98,-0.25,1.95,1.9,-0.25,,,,,,,,
SP2,22/12/2004,Tenerife,Malaga B,1,1,D,1,1,D,1.9,2.75,4.33,1.95,2.6,4.45,1.9,2.7,4.4,1.85,2.6,4.4,1.67,2.88,5.5,1.91,2.75,4.2,2,2.65,4,2,1.61,1.9,1.67,-0.5,1.88,1.96,-0.5,1.9,1.95,-0.5,,,,,,,,
SP2,22/12/2004,Terrassa,Celta,1,4,A,0,1,A,2.4,2.75,2.87,2.6,2.45,3.05,2.55,2.6,2.85,2.65,2.5,2.75,2.62,2.75,2.62,2.4,2.75,2.88,2.4,2.7,2.95,2.1,1.56,2.55,1.36,-0.5,2.02,1.82,0,2.025,1.825,0,,,,,,,,
SP2,22/12/2004,Valladolid,Salamanca,3,2,H,2,2,D,1.9,2.75,4.33,1.8,2.65,5.25,1.8,2.7,5,1.75,2.7,4.7,1.73,2.88,5,1.85,2.7,4.75,1.85,2.65,4.75,1.95,1.66,1.8,1.75,-0.5,1.7,2.14,-0.5,1.775,2.075,-0.5,,,,,,,,
SP2,22/12/2004,Xerez,Murcia,0,1,A,0,1,A,1.72,2.87,5,1.8,2.65,5.25,1.75,2.8,5.1,1.85,2.7,4.2,1.73,2.88,5,1.7,2.8,5.5,1.75,2.8,5,2.2,1.51,1.75,1.81,-0.5,2.14,1.7,-0.75,1.75,2.1,-0.5,,,,,,,,
SP2,23/12/2004,Pontevedra,Ferrol,1,1,D,0,0,D,2.87,2.75,2.4,3.25,2.5,2.4,3,2.6,2.45,2.9,2.6,2.4,3.2,2.75,2.25,2.8,2.7,2.5,3,2.8,2.3,2,1.61,1.39,2.45,0.5,2.08,1.76,0,2.05,1.8,0,,,,,,,,
SP2,08/01/2005,Cordoba,Elche,0,2,A,0,2,A,5.5,2.75,1.72,5.2,2.8,1.75,5,2.85,1.75,4,2.8,1.85,4.33,2.88,1.83,4.75,2.9,1.75,4.2,2.85,1.85,2.2,1.51,1.72,1.85,0.5,2.1,1.74,0.5,2.15,1.7,0.5,,,,,,,,
SP2,08/01/2005,Ferrol,Terrassa,3,0,H,2,0,H,1.9,2.62,4.5,2,2.6,4.2,1.95,2.65,4.2,1.85,2.7,4.2,1.83,2.8,4.5,1.95,2.7,4.2,2,2.65,4,1.95,1.66,1.95,1.62,-0.5,2.06,1.78,-0.5,2,1.85,-0.5,,,,,,,,
SP2,08/01/2005,Malaga B,Ciudad de Murcia,3,1,H,2,1,H,2,2.6,4.2,2,2.6,4.2,2,2.6,4.2,2.2,2.6,3.2,2.1,2.6,3.75,2.1,2.7,3.6,2.1,2.7,3.6,2,1.61,2.1,1.54,-0.5,1.92,1.92,-0.25,1.925,1.925,-0.25,,,,,,,,
SP2,08/01/2005,Salamanca,Tenerife,4,5,A,4,2,H,2.2,2.6,3.5,2.3,2.5,3.5,2.25,2.55,3.5,2.2,2.6,3.2,2.25,2.75,3.2,2.3,2.62,3.2,2.4,2.65,3,2.2,1.51,2.25,1.48,-0.5,2.04,1.8,-0.25,2.05,1.8,-0.25,,,,,,,,
SP2,09/01/2005,Alaves,Gimnastic,1,1,D,1,0,H,1.8,2.7,5,1.7,2.8,5.6,1.7,2.8,5.5,1.7,2.8,4.8,1.83,2.62,5,1.75,2.8,5,1.85,2.75,4.5,1.85,1.74,1.75,1.81,-0.5,1.8,2.04,-0.5,1.825,2.025,-0.5,,,,,,,,
SP2,09/01/2005,Cadiz,Pontevedra,4,0,H,1,0,H,1.44,3.25,8,1.55,3.1,6.5,1.53,3.15,6.5,1.5,3.2,5.8,1.4,3.5,8,1.44,3.4,7,1.45,3.2,8,1.74,1.85,1.53,2.12,-0.5,1.86,1.98,-1,1.9,1.95,-1,,,,,,,,
SP2,09/01/2005,Celta,Xerez,2,1,H,1,1,D,1.8,2.7,5,1.75,2.8,5.2,1.75,2.8,5,1.75,2.8,4.5,1.8,2.7,5,1.8,2.88,4.5,1.8,2.75,4.75,2.1,1.56,1.75,1.79,-0.5,1.84,2,-0.5,1.875,1.975,-0.5,,,,,,,,
SP2,09/01/2005,Murcia,Eibar,1,0,H,0,0,D,2.8,2.6,2.6,3.2,2.45,2.5,3,2.5,2.55,2.65,2.6,2.65,3,2.75,2.38,2.88,2.75,2.4,3.05,2.6,2.4,2.2,1.51,1.35,2.62,0.5,2.02,1.82,0,2,1.85,0,,,,,,,,
SP2,09/01/2005,Poli Ejido,Valladolid,0,3,A,0,3,A,2.6,2.6,2.8,2.65,2.45,2.95,2.65,2.5,2.85,2.65,2.6,2.65,2.8,2.75,2.5,2.6,2.6,2.8,2.45,2.6,3,2.1,1.56,2.65,1.33,-0.5,1.86,1.98,0,1.85,2,0,,,,,,,,
SP2,09/01/2005,Recreativo,Lleida,3,0,H,0,0,D,2,2.6,4.2,2.1,2.55,3.95,2,2.65,4,1.9,2.7,4,1.91,2.88,4,2.05,2.75,3.6,2.15,2.65,3.5,2.2,1.51,2.05,1.57,-0.5,1.78,2.06,-0.25,1.75,2.1,-0.25,,,,,,,,
SP2,09/01/2005,Sp Gijon,Almeria,1,0,H,1,0,H,2.1,2.6,3.75,2.1,2.55,3.95,2.1,2.55,3.95,2.1,2.6,3.5,2.2,2.6,3.5,2.1,2.8,3.4,2.25,2.6,3.35,2.2,1.51,2.1,1.55,-0.5,,,,1.85,2,-0.25,,,,,,,,
SP2,15/01/2005,Almeria,Recreativo,1,0,H,0,0,D,2.4,2.7,3,2.5,2.5,3.1,2.4,2.7,2.95,2.3,2.6,3,2.4,2.7,3,2.4,2.7,3,2.5,2.6,2.9,2.2,1.51,2.4,1.41,-0.5,1.78,2.06,0,1.75,2.1,0,,,,,,,,
SP2,15/01/2005,Eibar,Celta,2,1,H,2,0,H,2.5,2.7,2.8,2.4,2.55,3.2,2.5,2.7,2.85,2.6,2.6,2.7,2.6,2.8,2.6,2.5,2.7,2.8,2.45,2.65,2.95,2,1.61,2.5,1.39,-0.5,1.82,2.02,0,1.825,2.025,0,,,,,,,,
SP2,15/01/2005,Lleida,Murcia,5,1,H,2,1,H,2,2.75,3.8,1.9,2.7,4.45,2.05,2.8,3.6,2.1,2.7,3.3,2.2,2.75,3.3,2,2.7,4,1.9,2.75,4.2,2.2,1.51,2.05,1.58,-0.5,2.08,1.76,-0.5,2.1,1.75,-0.5,,,,,,,,
SP2,16/01/2005,Alaves,Elche,1,0,H,0,0,D,1.9,2.87,4,1.9,2.7,4.45,2,2.75,3.85,2,2.7,3.6,1.9,3,3.75,2,2.7,4,2,2.65,4,1.95,1.66,2,1.6,-0.5,1.72,2.12,-0.25,1.75,2.1,-0.25,,,,,,,,
SP2,16/01/2005,Ciudad de Murcia,Salamanca,2,1,H,1,1,D,2.37,2.7,3,2.3,2.5,3.5,2.35,2.7,3.05,2.4,2.6,2.9,2.4,2.75,2.9,2.38,2.62,3.1,2.5,2.65,2.85,1.85,1.74,2.35,1.43,-0.5,1.74,2.1,0,1.75,2.1,0,,,,,,,,
SP2,16/01/2005,Gimnastic,Sp Gijon,1,0,H,0,0,D,2.1,2.75,3.5,2.15,2.6,3.65,2.2,2.7,3.35,2.1,2.6,3.5,2.1,2.8,3.4,2.2,2.7,3.3,2.2,2.7,2.15,2.2,1.51,2.2,1.5,-0.5,1.96,1.88,-0.25,1.975,1.875,-0.25,,,,,,,,
SP2,16/01/2005,Pontevedra,Malaga B,1,1,D,0,1,A,2.62,2.62,2.75,2.4,2.55,3.2,2.5,2.7,2.85,2.6,2.6,2.7,2.75,2.8,2.5,2.6,2.62,2.8,2.6,2.55,2.85,2,1.61,2.5,1.39,-0.5,1.84,2,0,1.825,2.025,0,,,,,,,,
SP2,16/01/2005,Tenerife,Poli Ejido,1,1,D,0,1,A,2,2.7,4,1.95,2.65,4.3,1.95,2.8,3.95,1.85,2.7,4.2,1.8,3,4.3,1.85,2.8,4.33,2.05,2.7,3.7,2.1,1.56,1.95,1.64,-0.5,1.72,2.12,-0.25,1.7,2.15,-0.25,,,,,,,,
SP2,16/01/2005,Terrassa,Cadiz,3,2,H,1,2,A,3.1,2.7,2.3,3.3,2.6,2.3,3.15,2.7,2.3,2.9,2.6,2.4,3.2,3,2.1,3.25,2.7,2.25,3.25,2.6,2.3,2.1,1.56,1.45,2.3,0.5,1.9,1.94,0.25,2.15,1.7,0,,,,,,,,
SP2,16/01/2005,Valladolid,Cordoba,0,1,A,0,0,D,1.33,3.75,9,1.35,4,7.5,1.35,3.85,8.2,1.35,3.6,7.5,1.3,4,10,1.33,4,8,1.35,3.8,8,1.8,1.8,1.9,1.56,-1.5,1.82,2.02,-1.25,1.875,1.975,-1.25,,,,,,,,
SP2,16/01/2005,Xerez,Ferrol,2,2,D,1,0,H,2.25,2.6,3.4,2.15,2.55,3.75,2.25,2.7,3.25,2.3,2.6,3,2.3,2.7,3.2,2.25,2.7,3.2,2.2,2.65,3.4,2.2,1.51,2.25,1.47,-0.5,1.94,1.9,-0.25,1.925,1.925,-0.25,,,,,,,,
SP2,22/01/2005,Cordoba,Tenerife,2,0,H,1,0,H,2.7,2.6,2.7,2.9,2.65,2.5,2.9,2.65,2.5,2.9,2.6,2.4,2.8,2.7,2.5,2.8,2.7,2.5,2.9,2.6,2.5,2.1,1.56,1.38,2.5,0.5,1.8,2.04,0,1.8,2.05,0,,,,,,,,
SP2,22/01/2005,Elche,Valladolid,3,2,H,1,1,D,2.25,2.8,3.1,2.4,2.55,3.2,2.25,2.7,3.25,2.2,2.6,3.2,2.2,2.8,3.2,2.25,2.8,3.1,2.15,2.7,3.4,2,1.61,2.25,1.47,-0.5,1.78,2.06,0,1.8,2.05,0,,,,,,,,
SP2,22/01/2005,Ferrol,Eibar,0,1,A,0,0,D,2.2,2.75,3.25,2.3,2.6,3.3,2.2,2.7,3.35,2.2,2.6,3.2,2.2,2.75,3.25,2.2,2.75,3.25,2.2,2.75,3.25,2,1.61,2.2,1.5,-0.5,1.92,1.92,-0.25,1.975,1.875,-0.25,,,,,,,,
SP2,22/01/2005,Recreativo,Gimnastic,1,0,H,1,0,H,2.1,2.75,3.5,2.2,2.65,3.45,2.1,2.75,3.5,2.1,2.6,3.5,2.1,2.75,3.5,2.1,2.75,3.5,2,2.8,3.7,2,1.51,2.1,1.54,-0.5,1.72,2.12,-0.25,1.7,2.15,-0.25,,,,,,,,
SP2,23/01/2005,Cadiz,Xerez,0,1,A,0,0,D,1.61,3.1,5.5,1.65,2.9,5.8,1.7,3,4.95,1.65,2.9,5,1.7,3,5,1.62,3.1,5.5,1.7,3,5,1.95,1.66,1.7,1.87,-0.5,1.76,2.08,-0.75,1.75,2.1,-0.75,,,,,,,,
SP2,23/01/2005,Celta,Lleida,0,0,D,0,0,D,1.75,3,4.5,1.7,2.8,5.6,1.8,2.9,4.5,1.75,2.8,4.5,1.8,2.9,4.5,1.75,2.88,4.8,1.8,2.85,4.5,1.95,1.66,1.8,1.76,-0.5,1.88,1.96,-0.75,1.9,1.95,-0.75,,,,,,,,
SP2,23/01/2005,Murcia,Almeria,0,0,D,0,0,D,2.25,2.7,3.3,2.25,2.6,3.4,2.3,2.7,3.15,2.3,2.6,3,2.25,2.75,3.2,2.38,2.62,3.1,2.45,2.75,2.8,2.2,1.51,2.3,1.45,-0.5,2,1.84,-0.25,2,1.85,-0.25,,,,,,,,
SP2,23/01/2005,Poli Ejido,Ciudad de Murcia,2,2,D,1,1,D,1.9,2.75,4.2,1.9,2.7,4.4,1.95,2.8,3.95,1.9,2.7,4,2,2.7,4,1.91,2.75,4.2,1.95,2.8,3.9,1.95,1.66,1.95,1.64,-0.5,1.96,1.88,-0.5,1.975,1.875,-0.5,,,,,,,,
SP2,23/01/2005,Salamanca,Pontevedra,2,0,H,1,0,H,1.8,2.87,4.5,1.85,2.75,4.6,1.83,2.8,4.5,1.8,2.7,4.4,1.8,3,4.3,1.8,2.88,4.5,1.85,2.85,4.2,2,1.61,1.83,1.73,-0.5,1.82,2.02,-0.5,1.875,1.975,-0.5,,,,,,,,
SP2,23/01/2005,Sp Gijon,Alaves,1,2,A,1,1,D,2.7,2.6,2.7,2.8,2.6,2.65,2.7,2.6,2.7,2.65,2.6,2.65,2.6,2.6,2.8,2.7,2.62,2.7,2.7,2.5,2.8,2.2,1.51,2.7,1.32,-0.5,1.94,1.9,0,1.95,1.9,0,,,,,,,,
SP2,24/01/2005,Malaga B,Terrassa,0,0,D,0,0,D,2.2,2.75,3.25,2.2,2.65,3.45,2.2,2.7,3.35,2.2,2.6,3.2,2.1,2.75,3.5,2.1,2.75,3.5,2.2,2.7,3.3,2,1.61,2.2,1.5,-0.5,,,,1.85,2,-0.25,,,,,,,,
SP2,29/01/2005,Elche,Tenerife,0,0,D,0,0,D,1.72,2.89,5,1.7,2.9,5.3,1.77,2.9,4.65,1.7,2.8,4.8,1.6,2.9,6.5,1.571,3.2,6,1.77,2.9,4.65,,,,,,1.9,1.94,-0.75,2,1.85,-0.75,,,,,,,,
SP2,29/01/2005,Malaga B,Xerez,0,3,A,0,1,A,2.39,2.7,3,2.5,2.5,3.1,2.4,2.7,2.95,2.4,2.6,2.9,2.5,2.75,2.8,2.375,2.7,3,2.4,2.7,2.95,,,,,,1.84,2,0,1.8,2.05,0,,,,,,,,
SP2,29/01/2005,Poli Ejido,Pontevedra,1,0,H,1,0,H,1.72,2.89,5,1.75,2.85,5,1.75,2.9,4.8,1.7,2.8,4.8,1.8,2.9,4.5,1.727,2.875,5,1.75,2.9,4.8,,,,,,1.98,1.86,-0.75,2.1,1.75,-0.75,,,,,,,,
SP2,30/01/2005,Cadiz,Eibar,1,2,A,1,1,D,2,2.79,4,2,2.65,4.1,1.9,2.85,4,1.9,2.7,4,2,2.9,3.6,2,2.8,3.75,1.9,2.85,4,,,,,,1.7,2.14,-0.25,1.7,2.15,-0.25,,,,,,,,
SP2,30/01/2005,Celta,Almeria,1,0,H,0,0,D,1.8,2.89,4.5,1.8,2.8,4.8,1.8,2.85,4.6,1.8,2.7,4.4,1.7,2.9,5.2,1.75,2.8,5,1.8,2.85,4.6,,,,,,1.78,2.06,-0.5,1.75,2.1,-0.5,,,,,,,,
SP2,30/01/2005,Cordoba,Ciudad de Murcia,0,1,A,0,0,D,1.72,3.25,4.33,2.2,2.55,3.6,2.25,2.7,3.2,2.2,2.6,3.2,1.8,2.9,4.5,1.8,2.875,4.5,2.25,2.7,3.2,,,,,,1.8,2.04,-0.5,1.75,2.1,-0.5,,,,,,,,
SP2,30/01/2005,Ferrol,Lleida,1,3,A,0,1,A,2.1,2.75,3.5,2.1,2.6,3.85,2.1,2.8,3.45,2.1,2.6,3.5,2.2,2.75,3.25,2.1,2.7,3.6,2.1,2.8,3.45,,,,,,1.82,2.02,-0.25,1.9,1.95,-0.25,,,,,,,,
SP2,30/01/2005,Murcia,Gimnastic,1,0,H,0,0,D,2.62,2.62,2.62,2.6,2.5,2.95,2.55,2.7,2.75,2.4,2.6,2.9,2.3,2.7,3.1,2.5,2.7,2.8,2.55,2.7,2.75,,,,,,1.76,2.08,0,1.725,2.125,0,,,,,,,,
SP2,30/01/2005,Recreativo,Sp Gijon,1,1,D,0,1,A,1.9,2.87,4,1.8,2.8,4.8,1.85,2.8,4.4,1.9,2.7,4,1.8,2.9,4.5,1.85,2.8,4.333,1.85,2.8,4.4,,,,,,1.9,1.94,-0.5,1.925,1.975,-0.5,,,,,,,,
SP2,30/01/2005,Salamanca,Terrassa,3,1,H,1,1,D,2.1,2.87,3.39,2.25,2.55,3.5,2.15,2.7,3.45,2.2,2.6,3.2,2.1,2.75,3.5,2.2,2.7,3.3,2.15,2.7,3.45,,,,,,1.88,1.96,-0.25,1.825,2.025,-0.25,,,,,,,,
SP2,30/01/2005,Valladolid,Alaves,1,0,H,1,0,H,2.5,2.75,2.87,2.55,2.5,3.05,2.5,2.65,2.85,2.5,2.7,2.7,2.25,2.8,3.1,2.5,2.7,2.8,2.5,2.65,2.85,,,,,,1.86,1.98,0,1.8,2.05,0,,,,,,,,
SP2,05/02/2005,Gimnastic,Celta,0,2,A,0,0,D,2.37,2.79,2.87,2.65,2.55,2.85,2.5,2.7,2.8,2.5,2.7,2.7,2.3,2.75,3.1,2.5,2.7,2.8,2.5,2.7,2.8,2.1,1.56,2.5,1.37,-0.5,1.96,1.88,0,2,1.8,0,,,,,,,,
SP2,05/02/2005,Xerez,Salamanca,1,0,H,1,0,H,1.9,2.75,4.2,1.85,2.75,4.6,1.9,2.8,4.1,1.9,2.7,4,1.9,2.9,4,1.85,2.88,4.2,1.9,2.8,4.1,1.95,1.65,1.9,1.66,-0.5,1.92,1.92,-0.5,1.95,1.9,-0.5,,,,,,,,
SP2,06/02/2005,Alaves,Recreativo,0,2,A,0,0,D,1.8,2.87,4.5,1.8,2.75,4.95,1.85,2.8,4.4,1.85,2.7,4.2,1.9,2.8,4.2,1.8,2.8,4.75,1.9,2.8,4.1,2,1.61,1.85,1.71,-0.5,1.9,1.94,-0.5,2.075,1.775,-0.5,,,,,,,,
SP2,06/02/2005,Almeria,Ferrol,1,6,A,0,2,A,2.29,2.62,3.2,2.25,2.5,3.6,2.3,2.7,3.1,2.3,2.6,3,2.25,2.7,3.25,2.3,2.62,3.2,2.4,2.7,2.95,2.2,1.51,2.3,1.44,-0.5,1.76,2.08,0,1.925,1.925,-0.25,,,,,,,,
SP2,06/02/2005,Ciudad de Murcia,Elche,0,0,D,0,0,D,2.75,2.62,2.62,3.05,2.5,2.55,2.7,2.6,2.7,2.65,2.6,2.65,2.5,2.8,2.75,2.8,2.62,2.6,2.85,2.6,2.55,1.95,1.66,2.7,1.32,-0.5,1.96,1.88,0,2.1,1.85,0,,,,,,,,
SP2,06/02/2005,Eibar,Malaga B,0,0,D,0,0,D,1.66,2.89,5.5,1.7,2.8,5.7,1.65,3,5.5,1.6,3,5.2,1.6,3,6,1.67,3,5.25,1.6,3.1,5.5,1.9,1.7,1.65,1.94,-0.5,1.96,1.88,-0.75,1.925,1.925,-0.75,,,,,,,,
SP2,06/02/2005,Lleida,Cadiz,1,3,A,1,2,A,2.5,2.75,2.75,2.7,2.55,2.8,2.6,2.7,2.7,2.5,2.7,2.7,2.4,2.9,2.75,2.6,2.7,2.7,2.65,2.65,2.7,2.1,1.56,2.6,1.35,-0.5,1.96,1.88,0,2.125,1.725,0,,,,,,,,
SP2,06/02/2005,Pontevedra,Cordoba,1,1,D,0,0,D,2.37,2.7,3,2.4,2.5,3.25,2.4,2.8,2.85,2.4,2.8,2.7,2.3,2.9,2.9,2.3,2.7,3.1,2.5,2.7,2.8,2.2,1.51,2.4,1.41,-0.5,1.8,2.04,0,1.975,1.875,0,,,,,,,,
SP2,06/02/2005,Sp Gijon,Murcia,2,0,H,2,0,H,1.9,2.75,4.2,1.95,2.6,4.45,1.95,2.8,3.95,2,2.7,3.6,2,2.9,3.6,1.91,2.75,4.2,1.9,2.9,4,2.2,1.51,1.95,1.64,-0.5,1.96,1.88,-0.5,2.1,1.75,-0.5,,,,,,,,
SP2,06/02/2005,Tenerife,Valladolid,0,2,A,0,1,A,2.5,2.75,2.75,2.75,2.55,2.75,2.55,2.7,2.75,2.5,2.6,2.8,2.4,2.7,3,2.5,2.7,2.8,2.6,2.65,2.75,2.1,1.56,2.55,1.36,-0.5,1.88,1.96,0,1.925,1.925,0,,,,,,,,
SP2,06/02/2005,Terrassa,Poli Ejido,2,0,H,1,0,H,2.2,2.75,3.25,2.25,2.6,3.4,2.25,2.7,3.2,2.2,2.6,3.2,2.1,3,3.2,2.25,2.7,3.25,2.25,2.7,3.2,2.1,1.56,2.25,1.46,-0.5,1.94,1.9,-0.25,2.1,1.75,-0.25,,,,,,,,
SP2,12/02/2005,Cadiz,Almeria,2,1,H,0,1,A,1.66,3,5.5,1.6,3.2,5.45,1.65,2.95,5.5,1.6,3,5.2,1.6,3.2,5.4,1.62,3,5.75,1.65,2.95,5.5,1.8,1.8,1.65,1.92,-0.5,1.84,2,-0.75,1.8,2.05,-0.75,,,,,,,,
SP2,12/02/2005,Tenerife,Alaves,1,0,H,0,0,D,2.75,2.6,2.7,2.95,2.5,2.6,2.7,2.6,2.7,2.7,2.6,2.6,2.75,2.8,2.5,2.75,2.62,2.62,2.7,2.6,2.7,2.1,1.56,2.7,1.32,-0.5,2.06,1.78,0,2.1,1.75,0,,,,,,,,
SP2,13/02/2005,Celta,Sp Gijon,1,0,H,0,0,D,1.72,2.87,5,1.8,2.65,5.25,1.75,2.8,5,1.7,2.8,4.8,1.7,2.8,5.5,1.73,2.8,5.2,1.75,2.8,5,2,1.61,1.75,1.79,-0.5,1.74,2.1,-0.5,1.8,2.05,-0.5,,,,,,,,
SP2,13/02/2005,Cordoba,Terrassa,2,1,H,0,1,A,2.3,2.75,3.1,2.4,2.7,3,2.45,2.7,2.9,2.2,2.6,3.2,2.5,2.9,2.6,2.4,2.7,3,2.55,2.7,2.75,2.2,1.51,2.45,1.4,-0.5,1.78,2.06,0,1.7,2.15,0,,,,,,,,
SP2,13/02/2005,Elche,Pontevedra,2,0,H,2,0,H,1.44,3.5,7,1.45,3.65,6.4,1.45,3.55,6.5,1.4,3.4,7,1.4,3.5,8,1.44,3.4,7,1.5,3.4,6,1.8,1.8,2.11,1.44,-1.5,2.06,1.78,-1.25,2.05,1.8,-1.25,,,,,,,,
SP2,13/02/2005,Ferrol,Gimnastic,1,4,A,1,0,H,2.5,2.6,3,2.65,2.5,2.9,2.5,2.7,2.8,2.4,2.6,2.9,2.3,2.8,3,2.4,2.7,3,2.5,2.7,2.8,2,1.61,2.1,1.53,-0.5,1.84,2,-0.25,1.9,1.95,-0.25,,,,,,,,
SP2,13/02/2005,Malaga B,Lleida,1,0,H,1,0,H,2.7,2.6,2.7,2.95,2.5,2.6,2.8,2.6,2.6,2.5,2.6,2.8,2.75,2.8,2.5,2.6,2.7,2.7,2.8,2.6,2.6,2,1.61,2.5,1.37,-0.5,1.84,2,0,1.8,2.05,0,,,,,,,,
SP2,13/02/2005,Murcia,Recreativo,1,3,A,1,0,H,2.5,2.75,2.8,2.65,2.5,2.9,2.55,2.6,2.85,2.4,2.6,2.9,2.4,2.75,2.9,2.5,2.7,2.8,2.55,2.65,2.8,2.1,1.56,1.35,2.6,0.5,1.88,1.96,0,1.85,2,0,,,,,,,,
SP2,13/02/2005,Poli Ejido,Xerez,0,0,D,0,0,D,2.1,2.7,3.6,2.2,2.65,3.45,2.1,2.7,3.55,2,2.7,3.6,2,3,3.4,2.1,2.7,3.6,2.05,2.7,3.7,2.1,1.56,2.55,1.36,-0.5,1.84,2,0,1.85,2,0,,,,,,,,
SP2,13/02/2005,Salamanca,Eibar,1,2,A,0,1,A,2.7,2.6,2.7,2.9,2.5,2.65,2.7,2.6,2.7,2.6,2.6,2.7,2.5,2.8,2.7,2.7,2.62,2.7,2.7,2.65,2.65,2,1.61,2.7,1.32,-0.5,1.94,1.9,0,1.925,1.925,0,,,,,,,,
SP2,13/02/2005,Valladolid,Ciudad de Murcia,2,1,H,2,1,H,1.66,2.8,6,1.7,2.8,5.6,1.7,2.9,5.2,1.6,3,5.2,1.6,3,6,1.67,2.9,5.5,1.7,2.9,5.1,1.85,1.74,1.7,1.86,-0.5,1.86,1.98,-0.75,1.9,1.95,-0.75,,,,,,,,
SP2,19/02/2005,Almeria,Malaga B,0,1,A,0,1,A,2.25,2.62,3.3,2.25,2.6,3.4,2.3,2.7,3.15,2.3,2.6,3.1,2.4,2.7,3,2.25,2.6,3.3,2.3,2.7,3.1,2.2,1.51,2.3,1.45,-0.5,1.92,1.92,-0.25,1.9,1.95,-0.25,,,,,,,,
SP2,19/02/2005,Ciudad de Murcia,Tenerife,0,1,A,0,0,D,2.3,2.62,3.2,2.45,2.6,3.05,2.4,2.65,3,2.4,2.6,3,2.25,2.7,3.25,2.4,2.6,3.1,2.4,2.6,3.1,2.1,1.56,2.4,1.41,-0.5,1.72,2.12,0,1.7,2.15,0,,,,,,,,
SP2,19/02/2005,Pontevedra,Valladolid,3,0,H,2,0,H,4.2,2.9,1.83,3.95,2.75,1.95,4,2.85,1.91,4.2,2.8,1.85,4,3.2,1.8,4,2.8,1.91,3.9,2.7,2,2,1.61,1.66,1.91,0.5,2.1,1.74,0.25,1.9,1.95,0.5,,,,,,,,
SP2,19/02/2005,Terrassa,Elche,0,1,A,0,0,D,2.5,2.62,2.9,2.8,2.55,2.7,2.45,2.7,2.9,2.6,2.7,2.7,2.25,2.9,3,2.5,2.7,2.8,2.45,2.6,3,2.1,1.56,2.45,1.4,-0.5,1.88,1.96,0,1.9,1.95,0,,,,,,,,
SP2,20/02/2005,Alaves,Murcia,2,3,A,1,1,D,1.57,3.1,6,1.55,3.25,6,1.62,3,5.75,1.6,3.1,5.2,1.67,3.2,5,1.6,3.25,5,1.65,3,5.5,1.95,1.66,1.62,1.97,-0.5,1.76,2.08,-0.75,1.75,2.1,-0.75,,,,,,,,
SP2,20/02/2005,Eibar,Poli Ejido,0,0,D,0,0,D,1.66,3.1,5,1.65,3.05,5.35,1.67,2.95,5.25,1.65,3,5,1.67,2.9,5.5,1.67,3,5,1.7,3,5,2.1,1.56,1.67,1.89,-0.5,1.94,1.9,-0.75,1.95,1.9,-0.75,,,,,,,,
SP2,20/02/2005,Gimnastic,Cadiz,1,1,D,1,0,H,2.75,2.62,2.62,2.7,2.55,2.8,2.65,2.65,2.7,2.8,2.6,2.6,2.4,2.8,2.8,2.6,2.7,2.7,2.6,2.6,2.8,2.1,1.56,2.65,1.34,-0.5,1.94,1.9,0,1.95,1.9,0,,,,,,,,
SP2,20/02/2005,Lleida,Salamanca,2,1,H,1,0,H,2,2.7,4,2,2.7,4,2,2.75,3.85,1.9,2.7,4.2,2,3,3.4,2,2.75,3.75,2.05,2.7,3.75,1.95,1.66,2,1.6,-0.5,1.76,2.08,-0.25,1.75,2.1,-0.25,,,,,,,,
SP2,20/02/2005,Recreativo,Celta,1,2,A,0,1,A,2.37,2.62,3.1,2.45,2.6,3.05,2.4,2.65,3,2.3,2.6,3.1,2.25,2.8,3.1,2.4,2.6,3.1,2.35,2.6,3.15,2.1,1.56,2.4,1.41,-0.5,1.74,2.1,0,1.75,2.1,0,,,,,,,,
SP2,20/02/2005,Sp Gijon,Ferrol,3,2,H,0,1,A,2.1,2.75,3.5,2.15,2.7,3.5,2.2,2.65,3.4,2.1,2.7,3.5,2.1,2.8,3.5,2.25,2.6,3.3,2.25,2.6,3.35,2.1,1.56,2.2,1.49,-0.5,1.96,1.88,-0.25,1.925,1.925,-0.25,,,,,,,,
SP2,20/02/2005,Xerez,Cordoba,1,1,D,1,0,H,1.66,2.87,5.5,1.75,2.9,4.9,1.73,2.9,5,1.75,2.9,4.6,1.6,3,6,1.73,2.9,5,1.7,2.9,5.2,2.2,1.51,1.73,1.84,-0.5,2.08,1.76,-0.75,1.85,2,-0.5,,,,,,,,
SP2,26/02/2005,Cadiz,Sp Gijon,0,0,D,0,0,D,1.66,3.1,5,1.7,3,5,1.75,3,4.5,1.65,3,5,1.7,3.1,4.8,1.7,3,5,,,,1.9,1.7,1.75,1.8,-0.5,1.96,1.88,-0.75,1.975,1.875,-0.5,,,,,,,,
SP2,26/02/2005,Malaga B,Gimnastic,0,1,A,0,0,D,2.3,2.62,3.2,2.35,2.65,3.15,2.35,2.75,3,2.2,2.7,3.2,2.2,2.9,3.1,2.3,2.7,3.1,2.4,2.75,2.9,2.2,1.51,2.35,1.43,-0.5,1.96,1.88,-0.25,1.95,1.9,0,,,,,,,,
SP2,27/02/2005,Celta,Murcia,1,0,H,0,0,D,1.57,3.1,6,1.5,3.45,6,1.6,3.25,5.2,1.6,3.1,5.2,1.6,3,6,1.57,3.1,6,1.6,3,6,1.95,1.66,1.6,2,-0.5,1.74,2.1,-0.75,1.725,2.125,-0.75,,,,,,,,
SP2,27/02/2005,Ciudad de Murcia,Alaves,2,0,H,0,0,D,2.75,2.75,2.5,3.05,2.65,2.4,2.7,2.75,2.55,2.8,2.7,2.5,2.7,2.7,2.6,2.88,2.75,2.4,2.75,2.75,2.5,2,1.61,1.36,2.55,0.5,2.08,1.76,0,2.15,1.7,0,,,,,,,,
SP2,27/02/2005,Elche,Xerez,1,2,A,1,0,H,1.83,2.87,4.33,1.95,2.8,4,1.85,2.85,4.25,1.8,2.8,4.4,1.9,2.8,4.2,1.85,2.88,4.2,1.8,2.85,4.5,2.1,1.56,1.85,1.71,-0.5,1.94,1.9,-0.5,1.9,1.95,-0.5,,,,,,,,
SP2,27/02/2005,Ferrol,Recreativo,0,1,A,0,0,D,2.5,2.75,2.75,2.6,2.6,2.85,2.45,2.8,2.8,2.4,2.7,2.9,2.5,2.8,2.75,2.5,2.7,2.8,2.5,2.7,2.8,2,1.61,2.45,1.4,-0.5,1.76,2.08,0,1.85,2,0.25,,,,,,,,
SP2,27/02/2005,Poli Ejido,Lleida,2,0,H,2,0,H,2.25,2.8,3.1,2.4,2.55,3.2,2.35,2.7,3.05,2.3,2.7,3,2.25,2.8,3.1,2.3,2.7,3.1,2.35,2.75,2.95,2.2,1.51,2.35,1.43,-0.5,1.94,1.9,-0.25,1.875,1.975,-0.25,,,,,,,,
SP2,27/02/2005,Salamanca,Almeria,3,2,H,3,1,H,2.1,2.75,3.5,2.05,2.8,3.6,2.15,2.85,3.25,2.1,2.7,3.5,2.1,3,3.2,2.1,2.8,3.4,2.2,2.75,3.25,2,1.61,2.15,1.52,-0.5,1.82,2.02,-0.25,1.85,2,-0.25,,,,,,,,
SP2,27/02/2005,Tenerife,Pontevedra,0,0,D,0,0,D,1.66,3.1,5,1.65,3.1,5.2,1.65,3,5.35,1.6,3.1,5.2,1.62,3.1,5.5,1.62,3.1,5.5,1.65,2.95,5.5,2.1,1.56,1.65,1.92,-0.5,1.76,2.08,-0.75,1.9,1.95,-0.75,,,,,,,,
SP2,27/02/2005,Valladolid,Terrassa,2,2,D,0,0,D,1.72,2.87,5,1.65,3.1,5.2,1.7,3.2,4.5,1.6,3.1,5.2,1.62,3.1,5.5,1.7,3.2,4.5,1.75,2.8,5,1.8,1.8,1.7,1.87,-0.5,2,1.84,-0.75,1.85,2,-0.75,,,,,,,,
SP2,05/03/2005,Recreativo,Cadiz,1,1,D,1,1,D,2.3,2.75,3.1,2.5,2.6,2.95,2.35,2.75,3,2.2,2.7,3.2,2.25,2.9,3,2.4,2.7,3,2.3,2.65,3.2,2.2,1.51,2.35,1.43,-0.5,2.1,1.74,-0.25,2.1,1.75,-0.25,,,,,,,,
SP2,05/03/2005,Terrassa,Tenerife,0,0,D,0,0,D,2.3,2.75,3.1,2.3,2.65,3.25,2.3,2.75,3.1,2.3,2.7,3,2.2,2.9,3.1,2.3,2.7,3.1,2.3,2.7,3.1,2.3,1.46,4.65,1.05,-1.5,2.06,1.78,-0.25,2.1,1.75,-0.25,,,,,,,,
SP2,06/03/2005,Alaves,Celta,0,3,A,0,1,A,2.5,2.75,2.75,2.7,2.65,2.7,2.55,2.7,2.85,2.6,2.8,2.6,2.7,2.8,2.5,2.5,2.7,2.8,2.4,2.65,3,2.1,1.56,2.55,1.39,-0.5,2.06,1.78,-0.25,1.7,2.15,0,,,,,,,,
SP2,06/03/2005,Almeria,Poli Ejido,1,1,D,0,0,D,2.37,2.75,2.9,2.45,2.65,3,2.45,2.65,2.95,2.4,2.6,3,2.5,2.8,2.75,2.4,2.7,3,2.35,2.65,3.1,2.3,1.46,2.45,1.4,-0.5,2.04,1.8,-0.25,2.05,1.8,-0.25,,,,,,,,
SP2,06/03/2005,Eibar,Elche,5,2,H,3,0,H,2.25,2.75,3.2,2.25,2.65,3.35,2.2,2.75,3.3,2.2,2.6,3.3,2.2,2.9,3.1,2.2,2.7,3.3,2.2,2.75,3.25,2.2,1.51,4.2,1.08,-1.5,1.92,1.92,-0.25,1.95,1.9,-0.25,,,,,,,,
SP2,06/03/2005,Gimnastic,Salamanca,2,0,H,1,0,H,1.9,2.87,4,1.9,2.8,4.2,1.9,2.8,4.15,1.8,2.8,4.4,1.7,3.2,4.5,1.91,2.88,4,1.95,2.8,3.9,2.3,1.46,3.33,1.15,-1.5,2.08,1.76,-0.5,2.1,1.75,-0.5,,,,,,,,
SP2,06/03/2005,Lleida,Cordoba,1,2,A,1,0,H,1.83,2.87,4.33,1.9,2.8,4.2,1.85,2.85,4.3,1.9,2.8,4,1.83,3,4,1.91,2.88,4,1.8,2.85,4.5,2.2,1.51,3.15,1.17,-1.5,2.08,1.76,-0.5,2.05,1.8,-0.5,,,,,,,,
SP2,06/03/2005,Murcia,Ferrol,1,0,H,1,0,H,2.4,2.75,2.87,2.5,2.6,2.95,2.45,2.65,2.95,2.2,2.7,3.2,2.25,2.8,3.1,2.4,2.75,2.9,2.5,2.65,2.85,2.1,1.56,2.45,1.4,-0.5,1.94,1.9,-0.25,1.7,2.15,0,,,,,,,,
SP2,06/03/2005,Pontevedra,Ciudad de Murcia,2,2,D,1,2,A,2.37,2.75,2.9,2.4,2.55,3.2,2.45,2.65,2.95,2.3,2.6,3.1,2.25,2.8,3.1,2.4,2.75,2.88,2.5,2.6,2.9,2.2,1.51,2.45,1.4,-0.5,2.08,1.76,-0.25,1.7,2.15,0,,,,,,,,
SP2,06/03/2005,Sp Gijon,Malaga B,2,0,H,2,0,H,1.9,2.87,4,2,2.75,3.9,2.05,2.75,3.7,1.9,2.7,4.2,2,2.9,3.6,2,2.75,3.8,2.05,2.8,3.55,2.2,1.51,3.6,1.13,-1.5,1.74,2.1,-0.25,1.75,2.1,-0.25,,,,,,,,
SP2,06/03/2005,Xerez,Valladolid,0,0,D,0,0,D,2.3,2.75,3.1,2.4,2.65,3.05,2.35,2.75,3,2.3,2.8,2.9,2.25,2.8,3.1,2.38,2.7,3,2.2,2.65,3.4,2.2,1.51,2.35,1.43,-0.5,2.08,1.76,-0.25,2.1,1.75,-0.25,,,,,,,,
SP2,09/03/2005,Cordoba,Eibar,0,0,D,0,0,D,2.62,2.75,2.62,,,,2.7,2.75,2.55,2.7,2.7,2.6,2.6,2.9,2.5,2.75,2.75,2.5,2.8,2.75,2.45,,,1.36,2.55,0.5,,,,2.1,1.75,0,,,,,,,,
SP2,12/03/2005,Ferrol,Celta,1,2,A,1,1,D,3.4,2.8,2.1,3.35,2.7,2.2,3.05,2.75,2.3,3.2,2.7,2.2,3.4,2.8,2.1,3.1,2.8,2.25,3,2.8,2.3,1.85,1.74,1.45,2.3,0.5,1.94,1.9,0.25,,,,,,,,,,,
SP2,12/03/2005,Poli Ejido,Gimnastic,1,0,H,0,0,D,2.25,2.75,3.2,2.45,2.6,3.05,2.35,2.75,3,2.3,2.7,3,2.3,2.8,3,2.3,2.75,3.1,2.35,2.75,2.95,2.3,1.46,2.35,1.43,-0.5,2.1,1.74,-0.25,,,,,,,,,,,
SP2,12/03/2005,Tenerife,Xerez,1,0,H,0,0,D,2.37,2.62,3.2,2.5,2.6,2.95,2.35,2.75,3,2.3,2.7,3,2.3,2.8,3,2.3,2.8,3,2.3,2.75,3.05,2.3,1.46,2.35,1.43,-0.5,1.94,1.9,-0.25,,,,,,,,,,,
SP2,13/03/2005,Cadiz,Murcia,0,1,A,0,0,D,1.57,3,6.5,1.6,3.2,5.45,1.65,3.1,5.1,1.7,3,4.6,1.67,3.1,5,1.62,3.1,5.5,1.6,3,6,2,1.61,1.65,1.93,-0.5,1.96,1.88,-0.75,,,,,,,,,,,
SP2,13/03/2005,Ciudad de Murcia,Terrassa,2,0,H,2,0,H,2.2,2.75,3.25,2.25,2.65,3.35,2.2,2.8,3.2,2.2,2.7,3.2,2.2,2.7,3.4,2.2,2.75,3.25,2.25,2.75,3.15,2,1.61,2.2,1.49,-0.5,1.92,1.92,-0.25,,,,,,,,,,,
SP2,13/03/2005,Cordoba,Almeria,3,0,H,0,0,D,2,2.8,3.75,1.9,2.8,4.2,2,2.85,3.65,1.85,2.9,4,1.9,2.9,4,2.05,2.8,3.6,2,2.75,3.8,2,1.61,2,1.6,-0.5,1.82,2.02,-0.25,,,,,,,,,,,
SP2,13/03/2005,Elche,Lleida,2,1,H,0,0,D,1.72,3,4.5,1.75,2.9,4.9,1.75,2.9,4.75,1.7,3,4.6,1.67,3.1,5,1.73,2.88,5,1.75,2.8,5,1.9,1.7,1.75,1.8,-0.5,1.86,1.98,-0.5,,,,,,,,,,,
SP2,13/03/2005,Malaga B,Recreativo,0,1,A,0,1,A,2.62,2.75,2.62,2.95,2.6,2.5,2.65,2.7,2.65,2.7,2.7,2.6,2.75,2.8,2.5,2.62,2.75,2.62,2.65,2.7,2.65,2.1,1.56,2.65,1.34,-0.5,2.08,1.76,0,,,,,,,,,,,
SP2,13/03/2005,Pontevedra,Alaves,1,3,A,0,1,A,2.75,2.75,2.5,2.85,2.6,2.6,2.7,2.75,2.55,2.75,2.75,2.5,2.75,2.8,2.5,2.8,2.75,2.5,2.75,2.75,2.5,1.95,1.66,1.36,2.55,0.5,2.1,1.74,0,,,,,,,,,,,
SP2,13/03/2005,Salamanca,Sp Gijon,2,1,H,1,0,H,2.37,2.8,2.87,2.5,2.6,2.95,2.4,2.75,2.9,2.3,2.8,2.9,2.4,2.9,2.75,2.38,2.8,2.88,2.4,2.7,2.95,1.95,1.66,2.4,1.41,-0.5,1.76,2.08,0,,,,,,,,,,,
SP2,13/03/2005,Valladolid,Eibar,1,2,A,1,1,D,2.25,2.75,3.2,2.3,2.65,3.25,2.25,2.75,3.15,2.2,2.7,3.2,2.25,2.75,3.2,2.3,2.88,2.9,2.3,2.75,3.05,1.9,1.7,2.25,1.47,-0.5,2.1,1.74,-0.25,,,,,,,,,,,
SP2,19/03/2005,Alaves,Ferrol,2,1,H,1,0,H,1.8,1.8,2.87,1.8,2.85,4.65,1.75,2.9,4.75,1.65,3,5,1.7,3,5,1.75,2.88,4.8,1.65,3.1,5,1.8,1.8,1.75,1.8,-0.5,1.74,2.1,-0.5,1.7,2.15,-0.5,,,,,,,,
SP2,19/03/2005,Eibar,Tenerife,0,0,D,0,0,D,1.8,2.87,4.5,1.8,2.85,4.65,1.8,2.9,4.5,1.75,2.8,4.8,1.7,2.9,5.2,1.8,2.88,4.5,1.8,2.95,4.3,2.1,1.56,1.8,1.76,-0.5,1.84,2,-0.5,1.8,2.05,-0.5,,,,,,,,
SP2,19/03/2005,Lleida,Valladolid,2,0,H,1,0,H,2.62,2.75,2.62,2.7,2.65,2.7,2.6,2.7,2.7,2.7,2.8,2.5,2.5,3.1,2.5,2.62,2.75,2.62,2.55,2.85,2.6,1.9,1.7,2.6,1.35,-0.5,1.94,1.9,0,1.95,1.9,0,,,,,,,,
SP2,19/03/2005,Recreativo,Salamanca,0,0,D,0,0,D,1.72,3,4.5,1.7,3,5,1.7,3.1,4.75,1.6,3.1,5.2,1.6,3.2,5.5,1.7,3.2,4.5,1.6,3.15,5.5,2,1.61,1.7,1.88,-0.5,1.98,1.86,-0.75,1.975,1.875,-0.75,,,,,,,,
SP2,20/03/2005,Almeria,Elche,2,2,D,1,2,A,2.7,2.8,2.5,2.7,2.6,2.75,2.7,2.7,2.6,2.8,2.8,2.4,2.8,2.9,2.4,2.6,2.8,2.62,2.6,2.85,2.55,2.2,1.51,1.35,2.6,0.5,,,,1.85,2,0,,,,,,,,
SP2,20/03/2005,Celta,Cadiz,0,2,A,0,0,D,,,,1.75,2.95,4.75,1.8,2.9,4.5,1.8,2.8,4.4,1.8,2.9,4.4,1.83,2.88,4.33,1.8,2.95,4.3,2,1.61,1.8,1.76,-0.5,1.94,1.9,-0.5,,,,,,,,,,,
SP2,20/03/2005,Gimnastic,Cordoba,1,1,D,0,1,A,1.9,2.87,4,1.9,2.9,4,1.85,2.9,4.25,1.9,2.8,4,2,2.9,3.6,1.8,2.88,4.5,1.8,2.95,4.3,2.1,1.56,1.85,1.72,-0.5,,,,2.15,1.7,-0.5,,,,,,,,
SP2,20/03/2005,Murcia,Malaga B,0,1,A,0,0,D,2,2.87,3.75,2.1,2.7,3.65,2.1,2.8,3.4,2,2.7,3.8,2,3,3.4,2.1,2.8,3.4,,,,2.1,1.56,2.1,1.54,-0.5,1.74,2.1,-0.25,1.75,2.1,-0.25,,,,,,,,
SP2,20/03/2005,Sp Gijon,Poli Ejido,1,0,H,0,0,D,2,2.87,3.75,1.95,2.8,4,2,2.8,3.75,1.9,2.7,4.2,1.9,2.9,4,2,2.8,3.75,2,2.85,3.6,2.2,1.51,2,1.6,-0.5,1.98,1.86,-0.5,2,1.85,-0.5,,,,,,,,
SP2,20/03/2005,Terrassa,Pontevedra,1,0,H,0,0,D,1.72,3,4.5,1.7,3,5,1.75,3,4.5,1.7,2.9,4.8,1.8,3.1,4,1.75,3,4.5,1.75,3,4.5,2,1.61,1.75,1.8,-0.5,,,,1.75,2.1,-0.5,,,,,,,,
SP2,20/03/2005,Xerez,Ciudad de Murcia,3,5,A,1,3,A,1.8,2.87,4.5,1.8,2.85,4.65,1.8,2.9,4.5,1.7,2.9,4.8,1.8,2.9,4.5,1.75,2.9,4.8,1.75,2.9,4.75,2,1.61,1.8,1.76,-0.5,1.78,2.06,-0.5,1.8,2.05,-0.5,,,,,,,,
SP2,26/03/2005,Malaga B,Celta,0,1,A,0,0,D,3,2.7,2.37,3.25,2.65,2.3,3.35,2.65,2.25,3.1,2.8,2.2,3.75,3,1.9,3.25,2.75,2.2,3.2,2.85,2.15,1.95,1.66,1.49,2.2,0.5,,,,2.1,1.75,0,,,,,,,,
SP2,26/03/2005,Terrassa,Alaves,0,2,A,0,1,A,2.62,2.75,2.62,2.95,2.6,2.5,2.8,2.7,2.5,2.9,2.8,2.3,2.9,2.9,2.3,2.7,2.7,2.6,2.85,2.8,2.4,1.95,1.66,1.47,2.25,0.5,,,,1.975,1.875,0,,,,,,,,
SP2,27/03/2005,Cadiz,Ferrol,2,0,H,2,0,H,1.66,3.1,5,1.6,3.2,5.5,1.65,3.1,5,1.55,3.3,5.2,1.6,3.2,5.5,1.62,3.1,5.5,1.65,3,5.3,1.85,1.74,1.65,1.91,-0.5,,,,1.8,2.05,0.5,,,,,,,,
SP2,27/03/2005,Ciudad de Murcia,Eibar,1,1,D,1,1,D,2.87,2.8,2.37,3.05,2.6,2.45,2.9,2.7,2.4,2.8,2.8,2.4,2.75,2.8,2.5,2.88,2.8,2.4,3.05,2.75,2.3,2,1.61,1.4,2.4,0.5,1.78,2.06,0.25,1.8,2.05,0.25,,,,,,,,
SP2,27/03/2005,Cordoba,Sp Gijon,0,0,D,0,0,D,2,2.8,3.75,1.9,2.85,4.1,2.1,2.75,3.5,2,2.9,3.4,2,3,3.5,2,2.88,3.6,2.1,2.8,3.4,2,1.61,2,1.6,-0.5,2,1.84,-0.5,1.925,1.925,-0.5,,,,,,,,
SP2,27/03/2005,Elche,Gimnastic,3,3,D,1,1,D,1.9,2.87,4,1.8,2.85,4.65,1.85,2.8,4.4,1.75,2.9,4.6,1.7,3.2,4.5,1.85,2.88,4.2,1.75,2.9,4.75,2,1.61,1.85,1.71,-0.5,1.76,2.08,-0.5,1.75,2.1,-0.5,,,,,,,,
SP2,27/03/2005,Poli Ejido,Recreativo,1,0,H,0,0,D,2.5,2.75,2.75,2.5,2.65,2.9,2.6,2.7,2.7,2.6,2.8,2.6,2.5,2.8,2.75,2.6,2.7,2.7,2.65,2.7,2.65,2.2,1.51,2.6,1.35,-0.5,2.1,1.74,0.25,2.05,1.8,0.25,,,,,,,,
SP2,27/03/2005,Pontevedra,Xerez,2,1,H,1,0,H,2.9,2.75,2.37,3.05,2.65,2.4,3,2.7,2.35,,,,2.75,2.9,2.4,3,2.8,2.3,3.2,2.85,2.15,2,1.61,1.42,2.35,0.5,1.96,1.88,0.5,1.95,1.9,0.5,,,,,,,,
SP2,27/03/2005,Salamanca,Murcia,3,1,H,1,1,D,2.1,2.75,3.5,2.05,2.75,3.7,2.15,2.7,3.4,2.1,2.9,3.2,2.1,3,3.2,2.1,2.8,3.4,2,2.85,3.6,1.95,1.66,2.15,1.5,-0.5,2.14,1.7,0,2.125,1.725,0,,,,,,,,
SP2,27/03/2005,Tenerife,Lleida,1,1,D,0,0,D,2.1,2.75,3.5,1.8,2.85,4.65,2,2.8,3.75,1.85,2.8,4.2,1.8,2.9,4.5,2,2.8,3.75,1.9,2.85,4,2.1,1.56,2,1.6,-0.5,2.04,1.8,-0.5,2,1.85,-0.5,,,,,,,,
SP2,27/03/2005,Valladolid,Almeria,0,1,A,0,1,A,1.72,3.1,4.5,1.65,3.1,5.25,1.7,3,4.85,1.6,3.1,5.2,1.65,3.1,5,1.67,3.2,5,1.65,3,5.3,1.8,1.8,1.7,1.85,-0.5,1.96,1.88,-0.75,1.95,1.9,-0.75,,,,,,,,
SP2,02/04/2005,Almeria,Tenerife,0,1,A,0,0,D,2.4,2.7,3,2.6,2.6,2.85,2.4,2.75,2.85,2.5,2.6,2.9,2.6,2.7,2.7,2.4,2.7,3,2.4,2.75,2.9,2.3,1.46,2.4,1.4,-0.5,1.76,2.08,0,1.75,2.1,0,,,,,,,,
SP2,02/04/2005,Celta,Salamanca,2,0,H,1,0,H,1.53,3.25,6,1.5,3.35,6.5,1.52,3.25,6.25,1.5,3.5,5.4,1.44,3.4,7,1.53,3.25,6,1.65,2.95,5.5,2,1.61,1.52,2.14,-0.5,1.72,2.12,-0.75,1.7,2.15,-0.75,,,,,,,,
SP2,02/04/2005,Xerez,Terrassa,0,0,D,0,0,D,1.83,2.87,4.33,1.7,3,5,1.8,2.85,4.5,1.85,2.9,4,1.75,3,4.6,1.85,3,4,1.8,2.8,4.7,2,1.61,1.8,1.74,-0.5,1.9,1.94,-0.5,1.925,1.925,-0.5,,,,,,,,
SP2,03/04/2005,Alaves,Cadiz,1,3,A,0,1,A,2.3,2.8,3,2.2,2.65,3.45,2.2,2.8,3.15,2.2,2.8,3.1,2.2,3,3,2.25,2.75,3.2,2.15,2.8,3.3,2.1,1.56,2.2,1.48,-0.5,1.76,2.08,-0.25,1.75,2.1,-0.25,,,,,,,,
SP2,03/04/2005,Eibar,Pontevedra,1,2,A,1,1,D,1.44,3.5,7,1.45,3.75,6,1.45,3.5,6.5,1.45,3.6,5.8,1.44,3.6,6.5,1.44,3.6,6.5,1.45,3.4,7,1.9,1.7,1.45,2.28,-0.5,,,,1.9,1.95,-1,,,,,,,,
SP2,03/04/2005,Ferrol,Malaga B,1,0,H,1,0,H,2.3,2.8,3,2.45,2.6,3.05,2.25,2.8,3.05,2.4,2.8,2.8,2.4,2.9,2.75,2.3,2.75,3.1,2.2,2.8,3.15,2.2,1.51,2.25,1.46,-0.5,1.92,1.92,-0.25,1.925,1.925,-0.25,,,,,,,,
SP2,03/04/2005,Gimnastic,Valladolid,0,1,A,0,1,A,2.3,2.8,3,2.5,2.6,2.95,2.3,2.8,3,2.4,2.9,2.7,2.25,3,2.9,2.25,2.8,3.1,2.25,2.8,3.05,2,1.61,2.3,1.45,-0.5,1.86,1.98,0,1.9,1.95,0,,,,,,,,
SP2,03/04/2005,Lleida,Ciudad de Murcia,0,0,D,0,0,D,2.1,2.8,3.4,2.3,2.65,3.25,2.1,2.8,3.4,2.1,2.8,3.3,2.2,2.8,3.2,2.1,2.8,3.4,2,2.8,3.7,1.85,1.74,2.1,1.54,-0.5,,,,1.975,1.875,-0.25,,,,,,,,
SP2,03/04/2005,Murcia,Poli Ejido,3,3,D,2,0,H,2.3,2.8,3,2.5,2.6,2.95,2.37,2.75,2.9,2.2,2.9,3,2.2,2.8,3.2,2.38,2.7,3,2.4,2.7,2.95,2.3,1.46,2.37,1.41,-0.5,,,,2.05,1.8,-0.25,,,,,,,,
SP2,03/04/2005,Recreativo,Cordoba,3,1,H,2,1,H,1.8,3,4.33,1.9,2.8,4.25,1.8,2.9,4.33,1.85,2.8,4.2,1.83,2.9,4.2,1.8,2.88,4.5,1.75,2.8,5,2.2,1.51,1.8,1.74,-0.5,,,,1.95,1.9,-0.5,,,,,,,,
SP2,03/04/2005,Sp Gijon,Elche,3,1,H,0,0,D,2.25,2.75,3.25,2.1,2.7,3.65,2.2,2.8,3.15,2.3,2.7,3,2,3,3.4,2.25,2.75,3.2,2.2,2.8,3.15,2.1,1.56,2.2,1.48,-0.5,,,,1.95,1.9,-0.25,,,,,,,,
SP2,09/04/2005,Cordoba,Murcia,1,1,D,1,0,H,2.1,2.75,3.5,2,2.8,3.8,2.05,2.7,3.6,1.9,2.8,4,2.2,3,3,2,2.8,3.6,2.05,2.8,3.55,2.1,1.56,2.05,1.54,-0.5,,,,2.075,1.775,-0.25,,,,,,,,
SP2,09/04/2005,Malaga B,Cadiz,1,1,D,0,1,A,3.1,2.75,2.3,3.5,2.7,2.15,3.8,2.7,2,3.3,2.8,2.1,3.75,3,1.9,3.6,2.8,2,3.25,2.75,2.2,2,1.61,1.58,2,0.5,2,1.84,0.25,2.05,1.8,0.5,,,,,,,,
SP2,09/04/2005,Salamanca,Ferrol,0,2,A,0,1,A,2.1,2.75,3.5,2.1,2.7,3.65,2.05,2.7,3.6,2,2.8,3.6,1.9,3,3.75,2,2.8,3.6,2.1,2.8,3.4,1.8,1.8,2.05,1.54,-0.5,1.76,2.08,-0.25,1.75,2.1,-0.25,,,,,,,,
SP2,09/04/2005,Tenerife,Gimnastic,0,0,D,0,0,D,2.1,2.75,3.5,2.1,2.7,3.65,2.1,2.7,3.5,2.1,2.7,3.6,2,2.9,3.6,2,2.8,3.6,2.2,2.8,3.15,2.3,1.46,2.1,1.52,-0.5,1.82,2.02,-0.25,1.85,2,-0.25,,,,,,,,
SP2,10/04/2005,Ciudad de Murcia,Almeria,0,1,A,0,1,A,2.1,2.75,3.5,1.95,2.8,4,2,2.7,3.8,2,2.8,3.6,1.9,2.9,4,2,2.8,3.6,2,2.75,3.8,2.1,1.56,2,1.58,-0.5,1.76,2.08,-0.25,1.85,2,-0.25,,,,,,,,
SP2,10/04/2005,Elche,Recreativo,0,1,A,0,0,D,2.1,2.75,3.5,2.4,2.65,3.05,2.15,2.7,3.35,2.1,2.8,3.3,2.2,3,3,2.25,2.8,3,2.15,2.75,3.35,2,1.61,2.15,1.5,-0.5,2.1,1.74,-0.25,2,1.85,-0.25,,,,,,,,
SP2,10/04/2005,Poli Ejido,Celta,0,3,A,0,2,A,3,2.7,2.37,3.65,2.7,2.1,3.6,2.7,2.05,2.9,2.8,2.3,3.2,2.8,2.2,3.6,2.8,2,3.05,2.75,2.3,2,1.61,1.54,2.05,0.5,2.04,1.8,0.25,1.95,1.9,0.5,,,,,,,,
SP2,10/04/2005,Pontevedra,Lleida,5,0,H,1,0,H,2.6,2.8,2.6,2.5,2.6,2.95,2.35,2.7,2.95,2.4,2.8,2.8,2.3,2.9,2.9,2.4,2.8,2.8,2.55,2.7,2.75,1.95,1.66,2.35,1.41,-0.5,,,,2.05,1.8,-0.25,,,,,,,,
SP2,10/04/2005,Terrassa,Eibar,2,3,A,0,1,A,2.6,2.8,2.6,2.95,2.6,2.5,3,2.7,2.3,2.8,2.8,2.4,2.8,3,2.3,2.8,2.8,2.4,2.8,2.7,2.5,2.2,1.51,1.42,2.3,0.5,2.1,1.74,0,2.05,1.8,0,,,,,,,,
SP2,10/04/2005,Valladolid,Sp Gijon,2,0,H,2,0,H,2,2.75,3.8,2.2,2.7,3.35,2,2.7,3.8,2.1,2.8,3.3,1.9,3,3.75,1.91,2.88,3.8,2.1,2.75,3.5,2.1,1.56,2,1.58,-0.5,1.8,2.04,-0.25,1.85,2,-0.25,,,,,,,,
SP2,10/04/2005,Xerez,Alaves,0,1,A,0,0,D,2.5,2.8,2.75,2.6,2.6,2.85,2.6,2.7,2.6,2.55,2.9,2.55,2.4,2.9,2.75,2.6,2.8,2.6,2.5,2.8,2.7,1.9,1.7,2.6,1.32,-0.5,1.96,1.88,0,1.95,1.9,0.25,,,,,,,,
SP2,16/04/2005,Almeria,Pontevedra,1,0,H,0,0,D,2,2.75,3.75,2,2.9,3.6,2,2.85,3.5,2,2.9,3.4,2,2.9,3.6,2,2.88,3.6,2.05,2.85,3.45,2.1,1.56,2,1.57,-0.5,,,,1.75,2.1,-0.25,,,,,,,,
SP2,16/04/2005,Eibar,Xerez,0,0,D,0,0,D,1.72,3,4.5,1.7,3.1,4.75,1.7,3.1,4.5,1.7,2.9,4.8,1.7,3.2,4.5,1.73,3.1,4.5,1.75,3,4.5,2,1.61,,,,2.04,1.8,-0.75,2,1.85,-0.75,,,,,,,,
SP2,16/04/2005,Lleida,Terrassa,4,2,H,2,0,H,1.9,2.87,4,2,2.9,3.6,1.95,2.85,3.65,1.9,2.9,3.8,2,2.8,3.75,1.91,2.88,4,1.85,2.85,4.2,2,1.61,1.95,1.6,-0.5,1.8,2.04,-0.25,1.8,2.05,-0.25,,,,,,,,
SP2,16/04/2005,Murcia,Elche,1,0,H,0,0,D,2.5,2.75,2.75,2.7,2.7,2.65,2.5,2.7,2.75,2.5,2.8,2.7,2.4,2.85,2.8,2.5,2.7,2.8,2.6,2.7,2.7,2,1.61,2.5,1.36,-0.5,1.76,2.08,0,1.7,2.15,0,,,,,,,,
SP2,16/04/2005,Sp Gijon,Tenerife,1,1,D,1,1,D,2.1,2.75,3.5,2,2.9,3.6,2.05,2.8,3.4,2.1,2.7,3.5,2,2.7,4,2.05,2.8,3.6,2.15,2.8,3.25,2.45,1.41,2.05,1.54,-0.5,1.86,1.98,-0.25,1.875,1.975,-0.25,,,,,,,,
SP2,17/04/2005,Alaves,Malaga B,3,1,H,2,1,H,1.61,3.25,5,1.6,3.2,5.5,1.57,3.2,5.35,,,,1.65,3.1,5,1.57,3.25,5.5,1.65,3.1,5,1.95,1.66,,,,1.74,2.1,-0.75,1.725,2.125,-0.75,,,,,,,,
SP2,17/04/2005,Cadiz,Salamanca,0,0,D,0,0,D,1.61,3.25,5,1.6,3.2,5.45,1.6,3.2,5,1.6,3.1,5.2,1.5,3.4,6,1.62,3.1,5.5,1.6,3.1,5.5,1.95,1.66,,,,,,,1.75,2.1,-0.75,,,,,,,,
SP2,17/04/2005,Celta,Cordoba,0,1,A,0,0,D,1.44,3.6,6.5,1.5,3.35,6.4,1.4,3.65,6.75,1.5,3.4,5.6,1.35,3.8,8,1.44,3.6,6.5,1.45,3.5,6.5,1.95,1.66,,,,1.84,2,-1,1.85,2,-1,,,,,,,,
SP2,17/04/2005,Ferrol,Poli Ejido,2,0,H,0,0,D,2.25,2.75,3.25,2.3,2.7,3.15,2.2,2.75,3.15,2.3,2.7,3,2.2,3,3,2.2,2.8,3.2,2.3,2.75,3.05,2.2,1.51,2.2,1.47,-0.5,2,1.84,-0.25,2,1.85,-0.25,,,,,,,,
SP2,17/04/2005,Gimnastic,Ciudad de Murcia,0,0,D,0,0,D,1.9,2.87,4,2,2.9,3.6,1.95,2.85,3.65,2,2.8,3.6,2,2.9,3.6,1.91,2.88,4,1.95,2.9,3.7,2.1,1.56,1.95,1.6,-0.5,1.8,2.04,-0.25,1.825,2.025,-0.25,,,,,,,,
SP2,17/04/2005,Recreativo,Valladolid,2,0,H,0,0,D,2.1,2.75,3.5,2,2.9,3.6,2.1,2.8,3.3,2,2.8,3.6,2.1,3.1,3.1,2.1,2.88,3.3,2,2.8,3.7,2.2,1.51,2.1,1.51,-0.5,1.86,1.98,-0.25,1.9,1.95,-0.25,,,,,,,,
SP2,23/04/2005,Cordoba,Ferrol,1,2,A,0,0,D,1.72,3.1,4.5,1.75,2.9,4.75,1.75,3,4.3,1.7,3,4.6,1.7,3.2,4.5,1.73,3.1,4.5,1.7,3.1,4.6,2.1,1.56,2.75,1.24,-1.5,,,,1.7,2.05,-0.5,,,,,,,,
SP2,23/04/2005,Eibar,Alaves,1,2,A,1,1,D,2.4,2.87,2.8,2.5,2.7,2.85,2.3,2.8,2.9,2.4,2.8,2.8,2.25,3,2.9,2.3,2.8,3,2.2,2.8,3.15,2,1.61,2.3,1.42,-0.5,1.88,1.96,0,1.85,2,0,,,,,,,,
SP2,24/04/2005,Ciudad de Murcia,Sp Gijon,0,2,A,0,0,D,2.2,2.87,3.2,2.35,2.7,3.05,2.35,2.8,2.85,2.2,2.7,3.2,2.2,3,3,2.3,2.8,3,2.35,2.85,2.85,2.2,1.51,2.35,1.41,-0.5,,,,1.875,1.975,-0.25,,,,,,,,
SP2,24/04/2005,Elche,Celta,0,1,A,0,1,A,2.75,2.75,2.5,2.7,2.6,2.75,2.65,2.75,2.55,2.6,2.9,2.5,2.75,2.9,2.4,2.62,2.8,2.6,2.6,2.9,2.5,1.85,1.74,,,,2,1.84,0,2.05,1.8,0,,,,,,,,
SP2,24/04/2005,Poli Ejido,Cadiz,0,0,D,0,0,D,3,2.75,2.37,2.85,2.7,2.5,2.8,2.7,2.5,3,2.7,2.3,2.75,2.9,2.4,2.8,2.75,2.5,2.75,2.75,2.5,2.1,1.56,,,,,,,1.9,1.95,0.25,,,,,,,,
SP2,24/04/2005,Pontevedra,Gimnastic,3,1,H,1,0,H,2.3,2.9,2.9,2.35,2.75,3,2.35,2.7,2.95,2.1,2.8,3.3,2.3,2.9,2.9,2.4,2.8,2.88,2.4,2.8,2.85,1.9,1.7,2.35,1.41,-0.5,,,,2,1.85,-0.25,,,,,,,,
SP2,24/04/2005,Salamanca,Malaga B,1,2,A,0,0,D,2,2.9,3.6,2,3,3.5,2,2.85,3.5,1.9,2.9,3.8,2,3,3.4,2.05,2.88,3.5,2.05,2.8,3.55,1.95,1.66,2,1.57,-0.5,1.74,2.1,-0.25,2,1.9,-0.5,,,,,,,,
SP2,24/04/2005,Tenerife,Recreativo,2,0,H,2,0,H,2.75,2.75,2.5,2.65,2.7,2.7,2.6,2.6,2.75,2.5,2.8,2.7,2.5,2.85,2.65,2.62,2.75,2.62,2.6,2.7,2.7,2.3,1.46,,,,1.74,2.1,0.25,2.175,1.675,0,,,,,,,,
SP2,24/04/2005,Terrassa,Almeria,1,1,D,0,0,D,2.3,2.9,2.9,2.35,2.75,3,2.25,2.7,3.1,2.2,2.8,3.1,2.25,2.8,3.1,2.3,2.8,3,2.3,2.75,3.05,2.1,1.56,2.25,1.44,-0.5,,,,1.95,1.9,-0.25,,,,,,,,
SP2,24/04/2005,Valladolid,Murcia,0,2,A,0,0,D,1.8,3,4.2,1.75,3.05,4.5,1.85,2.9,4,1.75,3,4.4,1.75,3,4.5,1.8,3,4.2,1.75,3,4.5,2,1.61,1.85,1.68,-0.5,2.06,1.78,-0.75,2.05,1.8,-0.75,,,,,,,,
SP2,24/04/2005,Xerez,Lleida,0,0,D,0,0,D,2.2,2.8,3.2,2.05,2.85,3.55,2.2,2.6,3.4,2.1,2.6,3.6,2.2,2.9,3.1,2.2,2.75,3.25,2.15,2.7,3.4,2.1,1.56,2.2,1.47,-0.5,1.96,1.88,-0.25,2,1.9,-0.25,,,,,,,,
SP2,30/04/2005,Alaves,Salamanca,2,1,H,0,0,D,1.61,3.25,5,1.55,3.25,5.85,1.55,3.3,5.5,1.5,3.5,5.4,1.5,3.4,6,1.57,3.25,5.5,1.55,3.2,6,1.8,1.8,1.55,2.06,-0.5,,,,2,1.85,-1,,,,,,,,
SP2,30/04/2005,Almeria,Xerez,1,2,A,1,2,A,2.2,2.75,3.3,2.15,2.8,3.35,2.1,2.8,3.35,2.2,2.8,3.1,2.1,2.9,3.3,2.1,2.75,3.5,2.2,2.7,3.3,2.1,1.56,,,,,,,1.8,2.05,-0.25,,,,,,,,
SP2,30/04/2005,Ferrol,Elche,0,1,A,0,1,A,2.25,2.75,3.25,2.2,2.8,3.2,2.15,2.8,3.2,2.2,2.8,3.1,2,2.9,3.6,2.25,2.75,3.2,2.2,2.8,3.2,2.1,1.56,,,,,,,2,1.85,-0.25,,,,,,,,
SP2,30/04/2005,Gimnastic,Terrassa,3,1,H,2,0,H,1.9,3,3.75,1.85,3,4,1.9,2.95,3.75,1.85,2.9,4,1.9,3,3.75,2,2.88,3.6,1.9,2.9,3.9,2.1,1.56,3.33,1.15,-1.5,,,,2.15,1.7,-0.5,,,,,,,,
SP2,30/04/2005,Malaga B,Poli Ejido,0,0,D,0,0,D,2.25,2.75,3.25,2.2,2.8,3.2,2.25,2.7,3.15,2.2,2.7,3.1,2.25,2.8,3.1,2.2,2.8,3.2,2.3,2.8,3,2.3,1.46,,,,,,,1.75,2.1,-0.25,,,,,,,,
SP2,01/05/2005,Cadiz,Cordoba,4,1,H,1,1,D,1.53,3.25,6,1.5,3.4,6.25,1.6,3.2,5.1,1.65,3.1,4.8,1.6,3.25,5.25,1.57,3.4,5.2,1.55,3.2,6,2,1.61,1.6,1.97,-0.5,,,,2.05,1.8,-1,,,,,,,,
SP2,01/05/2005,Celta,Valladolid,2,0,H,0,0,D,1.72,3,4.5,1.65,3,5.5,1.7,3,4.8,1.75,3.1,4.2,1.75,3.2,4.2,1.7,3,5,1.7,3,5,2,1.61,1.7,1.85,-0.5,,,,1.8,2.05,-0.5,,,,,,,,
SP2,01/05/2005,Lleida,Eibar,1,1,D,1,0,H,2.75,2.75,2.5,2.7,2.85,2.5,2.8,2.8,2.4,2.8,2.8,2.4,2.7,3,2.4,3,2.8,2.3,2.9,2.75,2.4,1.95,1.66,,,,,,,1.9,1.95,0.25,,,,,,,,
SP2,01/05/2005,Murcia,Tenerife,1,0,H,1,0,H,2.2,2.8,3.2,2.3,2.8,3.05,2.2,2.7,3.3,2.2,2.7,3.2,2.2,2.75,3.25,2.2,2.75,3.25,2.3,2.75,3.1,2.45,1.41,,,,,,,1.8,2.05,-0.25,,,,,,,,
SP2,01/05/2005,Recreativo,Ciudad de Murcia,3,2,H,0,0,D,1.61,3.25,5,1.65,2.9,5.75,1.65,3,5.2,1.65,3,5,1.65,3.2,5,1.67,3.1,5,1.65,3,5.5,1.95,1.66,1.65,1.9,-0.5,,,,2,1.85,-0.75,,,,,,,,
SP2,01/05/2005,Sp Gijon,Pontevedra,3,2,H,1,2,A,1.8,3.2,3.8,1.65,3.35,4.6,1.7,3.15,4.4,1.6,3.2,5,1.65,3.2,5,1.8,3,4.2,1.7,3,5,1.95,1.66,1.7,1.84,-0.5,,,,1.9,1.95,-0.5,,,,,,,,
SP2,07/05/2005,Eibar,Almeria,1,0,H,0,0,D,1.61,3.25,5,1.65,2.95,5.6,1.65,3.1,4.8,1.7,3.1,4.4,1.8,3,4.25,1.67,3.1,5,1.7,3,4.8,,,1.65,1.88,-0.5,,,,1.925,1.925,-0.75,,,,,,,,
SP2,07/05/2005,Elche,Cadiz,1,1,D,1,0,H,2.62,2.75,2.62,2.6,2.8,2.65,2.6,2.75,2.6,2.5,2.8,2.7,2.6,3,2.5,2.62,2.88,2.5,2.65,2.7,2.65,,,,,,,,,1.975,1.875,0,,,,,,,,
SP2,07/05/2005,Tenerife,Celta,3,1,H,2,0,H,2.75,2.75,2.5,2.85,2.8,2.4,2.85,2.7,2.4,2.8,2.7,2.5,3,2.9,2.25,3,2.8,2.3,2.85,2.85,2.35,,,,,,,,,2.1,1.75,0,,,,,,,,
SP2,07/05/2005,Terrassa,Sp Gijon,1,0,H,0,0,D,2.2,2.8,3.2,2.35,3,2.75,2.25,2.8,3,2.3,3,2.7,2.4,3,2.65,2.2,2.8,3.2,2.15,2.85,3.2,,,2.25,1.45,-0.5,,,,1.925,1.925,-0.25,,,,,,,,
SP2,08/05/2005,Ciudad de Murcia,Murcia,1,3,A,0,1,A,2.5,2.75,2.75,2.65,2.7,2.7,2.5,2.7,2.75,2.4,2.7,2.9,2.7,2.75,2.6,2.5,2.75,2.8,2.5,2.8,2.7,2.3,1.46,,,,,,,1.825,2.025,0,,,,,,,,
SP2,08/05/2005,Cordoba,Malaga B,5,2,H,2,2,D,2.1,2.8,3.4,2.15,2.85,3.3,2.1,2.8,3.3,1.9,2.9,3.8,2.1,3,3.2,2.1,2.88,3.3,1.95,3,3.55,2.3,1.46,,,,,,,1.875,1.975,-0.25,,,,,,,,
SP2,08/05/2005,Lleida,Alaves,0,1,A,0,1,A,2.75,2.75,2.5,3,2.75,2.3,2.9,2.75,2.35,3,2.9,2.2,3.1,2.9,2.2,3,2.8,2.3,2.9,2.9,2.3,1.8,1.8,,,,,,,1.975,1.875,0.25,,,,,,,,
SP2,08/05/2005,Poli Ejido,Salamanca,1,1,D,1,0,H,2,2.75,3.75,2,2.9,3.6,2,2.8,3.55,2,2.9,3.4,1.9,2.9,4,2.05,2.88,3.4,1.9,2.9,3.9,2.3,1.46,,,,,,,1.925,1.925,-0.25,,,,,,,,
SP2,08/05/2005,Pontevedra,Recreativo,0,0,D,0,0,D,2.87,2.87,2.37,3.1,2.8,2.25,2.85,2.85,2.3,2.8,2.9,2.3,3,3,2.2,2.88,2.8,2.4,3.05,2.9,2.2,2.1,1.56,1.43,2.3,0.5,,,,1.925,1.925,0.25,,,,,,,,
SP2,08/05/2005,Valladolid,Ferrol,1,1,D,1,0,H,2,2.87,3.6,2.15,2.8,3.35,2,2.85,3.5,2,2.9,3.4,2,3.1,3.3,2,2.88,3.6,1.85,3,3.95,2.1,1.56,2,1.57,-0.5,,,,2.025,1.825,-0.5,,,,,,,,
SP2,08/05/2005,Xerez,Gimnastic,1,1,D,1,0,H,2.25,2.75,3.2,2.3,2.8,3.05,2.25,2.7,3.1,2.2,2.7,3.2,2.25,2.8,3.1,2.25,2.8,3.1,2,2.8,3.7,2.3,1.46,,,,,,,1.975,1.875,-0.25,,,,,,,,
SP2,14/05/2005,Celta,Ciudad de Murcia,0,1,A,0,1,A,1.53,3.25,6,1.45,3.5,6.9,1.5,3.4,5.75,1.45,3.8,5.4,1.4,3.6,7.5,1.5,3.4,6,1.5,3.3,6.3,1.74,1.85,1.5,2.14,-0.5,,,,1.9,1.95,-1,,,,,,,,
SP2,14/05/2005,Ferrol,Tenerife,2,2,D,2,0,H,2.25,2.75,3.25,2.35,2.65,3.15,2.3,2.75,3,2.4,2.8,2.8,2.3,2.8,3,2.3,2.8,3,2.2,2.8,3.15,1.46,2.3,,,,,,,2,1.85,-0.25,,,,,,,,
SP2,14/05/2005,Gimnastic,Eibar,3,2,H,1,2,A,2.75,2.75,2.5,2.9,2.6,2.55,2.85,2.7,2.45,2.9,2.8,2.3,2.7,2.9,2.5,2.75,2.8,2.5,2.7,2.8,2.5,1.56,2.1,,,,,,,1.8,2.05,0.25,,,,,,,,
SP2,14/05/2005,Malaga B,Elche,1,0,H,1,0,H,2.25,2.87,3,2.75,2.6,2.7,2.3,2.75,3,2.2,3,2.9,2.25,2.9,3,2.3,2.8,3,2.3,2.75,3.05,1.51,2.2,,,,,,,1.95,1.9,0,,,,,,,,
SP2,14/05/2005,Murcia,Pontevedra,2,2,D,1,1,D,1.9,3,3.75,1.8,2.86,4.65,1.9,2.8,4,1.8,3,4,1.8,3.1,4,1.85,2.88,4.2,1.95,2.75,4,1.66,1.95,1.9,1.65,-0.5,,,,2,1.85,-0.5,,,,,,,,
SP2,15/05/2005,Alaves,Poli Ejido,2,0,H,0,0,D,1.53,3.25,6,1.5,3.35,6.5,1.5,3.25,6.5,1.5,3.5,5.4,1.45,3.4,7,1.5,3.3,6.5,1.5,3.05,7.5,1.74,1.85,1.5,2.17,-0.5,,,,2.125,1.725,-1.25,,,,,,,,
SP2,15/05/2005,Almeria,Lleida,1,1,D,0,1,A,2.25,2.75,3.25,2.4,2.65,3.05,2.2,2.55,3.5,2.1,2.7,3.5,2.2,2.7,3.4,2.2,2.62,3.5,2.2,2.45,3.75,1.46,2.3,,,,,,,1.775,2.075,-0.25,,,,,,,,
SP2,15/05/2005,Cadiz,Valladolid,6,1,H,2,1,H,1.72,3,4.5,1.75,2.95,4.75,1.7,3.1,4.6,1.65,3.2,4.6,1.8,3.2,4,1.7,3.1,4.75,1.7,3.1,4.6,1.61,2,1.7,1.85,-0.5,,,,1.75,2.1,-0.75,,,,,,,,
SP2,15/05/2005,Recreativo,Terrassa,2,1,H,0,1,A,1.61,3.25,5,1.6,3.2,5.5,1.6,3.2,5.3,1.5,3.5,5.4,1.5,3.4,6,1.6,3.2,5.5,1.6,3.2,5.3,1.74,1.85,1.6,2,-0.5,,,,1.8,2.05,-0.75,,,,,,,,
SP2,15/05/2005,Salamanca,Cordoba,0,3,A,0,2,A,2.1,3,3.2,2.4,2.65,3.05,2.2,2.8,3.15,2.1,2.8,3.3,2.2,2.9,3.1,2.2,2.8,3.2,2,2.8,3.6,1.61,2,,,,,,,1.925,1.925,-0.25,,,,,,,,
SP2,15/05/2005,Sp Gijon,Xerez,0,0,D,0,0,D,2.1,2.8,3.4,2.1,2.7,3.65,2,2.8,3.6,1.9,2.9,3.8,1.9,3,3.75,2.05,2.8,3.6,2.1,2.75,3.45,1.61,2,2,1.58,-0.5,,,,1.85,2,-0.25,,,,,,,,
SP2,21/05/2005,Eibar,Sp Gijon,1,0,H,0,0,D,1.72,3.1,4.5,1.7,3,5,1.7,3.05,4.75,1.65,3.3,4.4,1.75,3.1,4.3,1.7,3.1,4.75,1.75,3.15,4.2,2.1,1.55,1.7,1.86,-0.5,,,,1.95,1.9,-0.75,,,,,,,,
SP2,21/05/2005,Lleida,Gimnastic,2,0,H,0,0,D,2.2,2.75,3.25,2.25,2.65,3.35,2.25,2.7,3.2,2,2.9,3.4,2.25,2.9,3,2.25,2.75,3.2,2.35,2.8,2.9,2,1.6,2.25,1.46,-0.5,,,,1.9,1.95,-0.25,,,,,,,,
SP2,21/05/2005,Tenerife,Cadiz,2,0,H,2,0,H,3.2,2.75,2.25,3.05,2.65,2.4,3.2,2.7,2.25,3,2.5,2.5,2.88,2.8,2.38,3,2.7,2.38,3.05,2.75,2.3,2.1,1.55,1.46,2.25,0.5,,,,2.05,1.8,0.25,,,,,,,,
SP2,22/05/2005,Almeria,Alaves,0,1,A,0,0,D,3.5,2.75,2.1,3.15,2.65,2.35,3.35,2.75,2.15,3.3,3,2,4,2.9,1.9,3.75,2.8,2,4.1,2.8,1.9,1.9,1.7,1.51,2.15,0.5,,,,2.05,1.8,0.25,,,,,,,,
SP2,22/05/2005,Ciudad de Murcia,Ferrol,3,0,H,1,0,H,2,2.8,3.75,2.3,2.65,3.25,2,2.9,3.45,2.1,2.8,3.3,2.25,2.9,3,2,2.88,3.6,2.1,2.85,3.3,2,1.6,2,1.58,-0.5,,,,1.75,2.1,-0.25,,,,,,,,
SP2,22/05/2005,Cordoba,Poli Ejido,2,1,H,1,0,H,1.61,3.25,5,1.55,3.4,5.5,1.7,3.1,4.65,1.75,3.2,4,1.7,3,4.8,1.7,3.2,4.5,1.8,3,4.2,2.1,1.55,1.7,1.86,-0.5,,,,1.65,2.2,-0.5,,,,,,,,
SP2,22/05/2005,Elche,Salamanca,0,2,A,0,1,A,2,3,3.4,1.9,2.8,4.25,1.95,3,3.6,,,,1.8,3.1,4,2,3.1,3.3,1.9,3.15,3.5,2,1.6,1.95,1.64,-0.5,,,,2.15,1.7,-0.5,,,,,,,,
SP2,22/05/2005,Pontevedra,Celta,3,1,H,1,1,D,3.2,3,2.1,3.35,2.65,2.25,3.2,2.95,2.1,3.3,3,2,3.3,3.1,2,3.4,3,2,3.25,3,2.05,1.75,1.85,1.53,2.1,0.5,,,,2.1,1.75,0.25,,,,,,,,
SP2,22/05/2005,Terrassa,Murcia,0,2,A,0,0,D,2.2,2.87,3.1,2.2,2.7,3.35,2.15,2.75,3.35,2.2,2.8,3.1,2.2,3,3,2,2.9,3.6,2,2.9,3.55,2.1,1.55,2.15,1.51,-0.5,,,,1.9,1.95,-0.25,,,,,,,,
SP2,22/05/2005,Valladolid,Malaga B,3,0,H,2,0,H,2.2,2.75,3.25,2.2,2.7,3.35,2.15,2.75,3.35,2,2.8,3.5,2,3,3.4,2.2,2.75,3.25,2.15,2.8,3.25,2.1,1.55,2.15,1.51,-0.5,,,,1.9,1.95,-0.25,,,,,,,,
SP2,22/05/2005,Xerez,Recreativo,0,0,D,0,0,D,3.25,2.75,2.2,3.15,2.65,2.35,3.2,2.75,2.2,3.1,2.8,2.2,3.4,3,2,3.4,2.8,2.1,3.4,2.8,2.1,2.2,1.5,1.48,2.2,0.5,,,,2.05,1.8,0.25,,,,,,,,
SP2,28/05/2005,Alaves,Cordoba,1,1,D,1,0,H,1.72,2.87,5,1.75,3,4.6,1.63,3.25,4.75,1.7,3.3,4,1.6,3.4,5,1.62,3.4,4.75,1.6,3.3,5,1.8,1.8,1.63,1.93,-0.5,,,,2.05,1.8,-0.75,,,,,,,,
SP2,28/05/2005,Celta,Terrassa,2,1,H,0,0,D,1.5,3.2,7,1.5,3.35,6.5,1.5,3.4,5.75,1.5,3.7,5,1.45,3.6,6.5,1.53,3.4,5.5,1.5,3.6,5.5,1.8,1.8,1.5,2.14,-0.5,,,,1.775,2.075,-1,,,,,,,,
SP2,28/05/2005,Malaga B,Tenerife,2,1,H,0,1,A,1.9,2.7,4.33,1.8,2.85,4.65,1.91,2.85,3.85,2,2.7,3.8,,,,1.91,2.88,4,1.95,2.95,3.65,2.2,1.51,1.91,1.64,-0.5,,,,2,1.85,-0.5,,,,,,,,
SP2,28/05/2005,Sp Gijon,Lleida,1,1,D,0,1,A,1.9,2.7,4.33,2,2.8,3.8,1.95,2.75,3.85,1.9,2.8,4,2,2.7,4,2,2.8,3.75,1.85,2.85,4.2,2,1.61,1.95,1.6,-0.5,,,,1.775,2.075,-0.25,,,,,,,,
SP2,29/05/2005,Cadiz,Ciudad de Murcia,0,0,D,0,0,D,1.57,3.25,5.5,1.55,3.25,6,1.55,3.4,5.25,1.55,3.4,5,1.6,3.3,5.2,1.57,3.4,5.25,1.5,3.4,6,1.8,1.8,1.55,2.06,-0.5,,,,2.1,1.75,-1,,,,,,,,
SP2,29/05/2005,Ferrol,Pontevedra,1,2,A,0,0,D,2.5,3.1,2.5,2.25,3,2.9,2.25,2.9,3,,,,2.25,3,2.9,2.4,3,2.6,2.2,3,3,1.8,1.8,2,1.58,-0.5,,,,2.05,1.8,0,,,,,,,,
SP2,29/05/2005,Gimnastic,Almeria,1,2,A,0,1,A,2.4,2.75,2.9,2.45,2.75,2.85,2.4,2.8,2.75,,,,2.3,3,2.8,2.4,2.8,2.88,2.4,2.9,2.75,,,2.4,1.39,-0.5,,,,2.025,1.825,0,,,,,,,,
SP2,29/05/2005,Murcia,Xerez,1,1,D,1,0,H,2.2,2.62,3.5,2.5,2.55,3.05,2.2,2.6,3.4,2.2,2.5,3.4,2.2,2.8,3.2,2.38,2.6,3.1,2.1,2.75,3.45,2.2,1.51,2.2,1.47,-0.5,,,,1.85,2,-0.25,,,,,,,,
SP2,29/05/2005,Poli Ejido,Elche,1,0,H,1,0,H,1.9,3,3.75,1.85,2.85,4.4,1.85,2.9,4,,,,1.9,3,3.75,1.85,3,4,1.9,2.9,3.9,,,1.85,1.68,-0.5,,,,1.875,1.975,-0.5,,,,,,,,
SP2,29/05/2005,Recreativo,Eibar,0,0,D,0,0,D,1.9,2.87,4,2.2,2.7,3.35,2.1,2.75,3.4,2,2.8,3.6,2.1,3,3.2,2.2,2.8,3.2,1.95,3,3.55,2,1.61,2.1,1.52,-0.5,,,,1.75,2.1,-0.25,,,,,,,,
SP2,29/05/2005,Salamanca,Valladolid,1,2,A,0,1,A,1.8,2.87,4.5,1.9,2.8,4.25,1.85,2.9,4,1.85,3.2,3.5,1.9,3,3.75,1.85,3,4,1.85,2.85,4.2,1.95,1.66,1.85,1.68,-0.5,,,,1.95,1.9,-0.75,,,,,,,,
SP2,04/06/2005,Gimnastic,Alaves,1,0,H,0,0,D,3.5,2.75,2.1,4,2.8,1.95,4,2.8,1.9,4.2,2.9,1.8,4.5,3,1.75,3.75,2.8,2,4,2.8,1.9,,,1.65,1.9,0.5,,,,1.75,2.1,0.5,,,,,,,,
SP2,04/06/2005,Pontevedra,Cadiz,1,1,D,0,0,D,3.2,2.8,2.2,3.15,2.8,2.25,3.1,2.8,2.2,3,2.7,2.3,2.8,3,2.3,3,2.88,2.25,3.1,2.9,2.15,,,1.47,2.2,-0.5,,,,1.9,1.95,0.25,,,,,,,,
SP2,05/06/2005,Almeria,Sp Gijon,1,0,H,1,0,H,1.72,3.1,4.5,1.7,3,5,1.6,3.3,5,1.55,3.4,5,1.7,3,5,1.67,3.1,5,1.7,2.9,5,2.1,1.56,,,,,,,1.8,2.05,-0.75,,,,,,,,
SP2,05/06/2005,Ciudad de Murcia,Malaga B,0,0,D,0,0,D,2.2,2.8,3.2,2.15,2.75,3.4,2.1,2.7,3.5,2,2.6,3.8,2,2.75,3.9,2.2,2.62,3.5,2.2,2.5,3.6,2,1.61,2.1,1.52,-0.5,,,,1.8,2.05,-0.25,,,,,,,,
SP2,05/06/2005,Eibar,Murcia,1,0,H,1,0,H,1.57,3.1,6,1.5,3.35,6.5,1.5,3.3,6,1.55,3.4,5,1.55,3.25,6,1.53,3.3,6,1.55,3.25,5.5,2.1,1.56,1.5,2.13,-0.5,,,,2.1,1.75,-1,,,,,,,,
SP2,05/06/2005,Elche,Cordoba,1,2,A,1,1,D,,,,5.25,3.5,1.55,,,,,,,4,3.2,1.8,,,,,,,,,,,,,,,1.9,1.95,0.75,,,,,,,,
SP2,05/06/2005,Lleida,Recreativo,2,3,A,1,2,A,3.2,2.8,2.2,3.35,2.7,2.2,3.5,2.9,2,3.6,3,1.9,3.1,3.1,2.1,3.3,2.88,2.1,3.1,3,2.1,,,,,,,,,1.95,1.9,0.5,,,,,,,,
SP2,05/06/2005,Tenerife,Salamanca,1,4,A,1,0,H,,,,2.1,3.15,3.05,2.45,3,2.45,,,,2.2,3,3,,,,,,,,,2.45,1.35,-0.5,,,,1.9,1.95,-0.25,,,,,,,,
SP2,05/06/2005,Terrassa,Ferrol,3,2,H,2,0,H,2.1,2.87,3.3,2,2.8,3.8,1.85,2.9,4,1.75,3,4.4,1.8,3.25,3.75,1.91,2.88,4,1.95,2.85,3.7,2,1.61,1.85,1.68,-0.5,,,,1.95,1.9,-0.5,,,,,,,,
SP2,05/06/2005,Valladolid,Poli Ejido,2,1,H,0,1,A,1.9,2.87,4,1.9,2.8,4.25,1.9,2.8,4,1.8,2.9,4.2,1.8,3,4.2,1.95,2.8,4,1.9,2.85,3.9,1.9,1.7,1.9,1.65,-0.5,,,,1.9,1.95,-0.5,,,,,,,,
SP2,05/06/2005,Xerez,Celta,3,0,H,,,,3.75,2.8,2,3.8,2.8,2,4,2.8,1.9,4.2,2.4,2,3.6,2.9,2,3.75,3,1.91,3.8,2.9,1.9,2.1,1.56,1.64,1.9,0.5,,,,1.75,2.1,0.5,,,,,,,,
SP2,11/06/2005,Sp Gijon,Gimnastic,0,3,A,0,0,D,2.1,2.8,3.4,2.1,2.8,3.5,2.05,2.8,3.5,2,2.6,3.8,2.1,2.9,3.3,2.1,2.8,3.4,2.05,2.8,3.5,,,2.05,1.56,-0.5,,,,1.75,2.1,-0.25,,,,,,,,
SP2,12/06/2005,Cadiz,Terrassa,3,1,H,1,0,H,1.36,4,7,1.35,4.25,7,1.37,3.75,7.5,1.45,3.8,5.4,1.4,4,6,1.4,3.75,7,1.3,4.1,8,1.8,1.8,1.37,2.5,-0.5,,,,1.75,2.1,-1.25,,,,,,,,
SP2,12/06/2005,Celta,Eibar,1,2,A,0,1,A,2.1,3.2,3.1,1.95,3.15,3.45,,,,2.3,3.1,2.6,2,3.2,3.2,2.3,3,2.8,2.2,2.9,3,,,,,,,,,1.9,1.95,-0.5,,,,,,,,
SP2,12/06/2005,Cordoba,Valladolid,3,4,A,2,4,A,1.36,4,7,,,,,,,,,,1.3,4.2,8,,,,,,,,,,,,,,,1.95,1.9,-1.25,,,,,,,,
SP2,12/06/2005,Elche,Alaves,1,2,A,1,1,D,5.5,3.25,1.57,5.2,3.3,1.6,5,3.3,1.6,,,,7,3.75,1.4,5,3.5,1.57,5.5,3.05,1.6,1.9,1.7,1.99,1.6,0.5,,,,2,1.85,0.75,,,,,,,,
SP2,12/06/2005,Ferrol,Xerez,1,2,A,0,1,A,1.66,3.1,5,1.8,2.65,5.4,1.65,2.9,5.5,,,,1.7,3.2,4.5,1.62,3.2,5.2,1.55,3.3,5.5,1.85,1.74,1.65,1.9,-0.5,,,,2.05,1.8,-0.75,,,,,,,,
SP2,12/06/2005,Malaga B,Pontevedra,1,1,D,0,0,D,1.9,3.2,3.5,1.95,2.8,4,1.95,2.8,4,2,3.1,3.2,1.91,3.2,3.5,2,2.88,3.6,1.95,2.75,3.9,1.95,1.66,1.95,1.65,-0.5,,,,2,1.85,-0.25,,,,,,,,
SP2,12/06/2005,Murcia,Lleida,1,0,H,1,0,H,2.2,2.6,3.5,2.3,2.4,3.7,2.15,2.45,3.9,2,2.6,3.8,2.1,2.6,3.75,2.2,2.5,3.75,2.2,2.4,3.85,1.95,1.66,2.15,1.5,-0.5,,,,1.85,2,-0.25,,,,,,,,
SP2,12/06/2005,Poli Ejido,Tenerife,2,2,D,0,1,A,1.61,3.25,5,1.75,2.65,5.75,1.63,3.1,5.1,,,,1.65,3,5.5,1.62,3.25,5,1.6,3.3,4.8,1.95,1.66,1.63,1.93,-0.5,,,,2,1.85,-0.75,,,,,,,,
SP2,12/06/2005,Recreativo,Almeria,1,1,D,1,0,H,1.44,3.6,6.5,1.4,3.75,7,1.4,3.6,7.25,1.5,3.7,5,1.4,3.6,7.5,1.44,3.75,6,1.4,3.6,7,1.8,1.8,1.4,2.41,-0.5,,,,1.9,1.95,-1,,,,,,,,
SP2,12/06/2005,Salamanca,Ciudad de Murcia,0,2,A,0,0,D,2.2,2.8,3.2,1.9,2.85,4.1,2,2.75,3.75,2.1,2.8,3.3,2.2,3,3,2.1,2.88,3.3,2.1,2.7,3.5,1.9,1.7,2,1.59,-0.5,,,,1.75,2.1,0,,,,,,,,
SP2,17/06/2005,Ciudad de Murcia,Poli Ejido,1,3,A,1,2,A,1.83,2.79,4.5,,,,,,,2,2.8,3.6,1.85,2.8,4.5,1.95,2.8,4,1.95,2.75,4,,,,,,,,,2,1.85,-0.5,,,,,,,,
SP2,18/06/2005,Alaves,Sp Gijon,0,1,A,0,0,D,1.5,3.25,6.5,1.6,3.2,5.5,1.56,3.2,5.6,1.65,3.2,4.6,1.5,3.25,6.5,1.533,3.25,6,1.61,3.1,5.5,,,,,,,,,1.85,2,-1,,,,,,,,
SP2,18/06/2005,Almeria,Murcia,1,0,H,1,0,H,2.79,2.7,2.5,2.3,2.65,3.25,2.3,2.7,3,2.2,2.7,3.2,2.25,2.75,3.2,2.5,2.75,2.875,,,,,,,,,,,,2.05,1.8,0,,,,,,,,
SP2,18/06/2005,Eibar,Ferrol,1,1,D,1,0,H,1.22,5,9.5,1.25,5.5,7.25,1.25,4.2,8,1.25,4.2,8,1.15,5.5,12,1.181,5.25,11,1.25,5,8,,,,,,,,,1.975,1.875,-1.5,,,,,,,,
SP2,18/06/2005,Gimnastic,Recreativo,4,4,D,0,2,A,2.5,2.79,2.75,2.4,2.65,3.05,2.45,2.7,2.8,2.2,2.8,3.1,2.3,2.9,2.9,2.5,2.8,2.75,2.62,2.75,2.62,,,,,,,,,1.899,1.95,0,,,,,,,,
SP2,18/06/2005,Lleida,Celta,0,2,A,0,1,A,6,3.75,1.44,5.5,4,1.45,6.5,4,1.36,5.4,3.8,1.45,7,3.75,1.4,5.5,4,1.444,5,3.6,1.53,,,,,,,,,2.05,1.8,1,,,,,,,,
SP2,18/06/2005,Pontevedra,Salamanca,4,1,H,2,1,H,2.5,2.75,2.79,2.2,2.7,3.35,2.25,2.75,3,2,2.8,3.6,2.1,2.8,3.5,2.25,2.8,3.1,2.3,2.8,3,,,,,,,,,2,1.85,0,,,,,,,,
SP2,18/06/2005,Tenerife,Cordoba,0,2,A,0,1,A,2.7,2.79,2.5,1.85,2.85,4.35,2.65,3.2,2.15,1.65,3.3,4.4,1.9,2.9,4,1.8,3.2,4,,,,,,,,,,,,1.85,2,0.25,,,,,,,,
SP2,18/06/2005,Terrassa,Malaga B,1,0,H,1,0,H,2.29,2.89,2.89,2.25,2.65,3.35,2.25,2.75,3,2.2,2.7,3.2,2.25,2.9,3,2.3,2.75,3.1,,,,,,,,,,,,1.95,1.9,-0.25,,,,,,,,
SP2,18/06/2005,Valladolid,Elche,1,2,A,1,1,D,1.72,3.1,4.5,1.9,2.8,4.25,1.71,3,4.7,1.65,3.3,4.4,1.7,3,5,1.75,3,4.5,,,,,,,,,,,,1.85,2,-0.5,,,,,,,,
SP2,18/06/2005,Xerez,Cadiz,0,2,A,0,1,A,5.5,3.39,1.53,6.5,3.35,1.5,5.4,3.5,1.51,4.6,3.2,1.65,6,3.4,1.5,5.5,3.6,1.5,5.5,3.6,1.5,,,,,,,,,1.95,1.9,0.5,,,,,,,,
